id,name,gis_id,area,lat,lon,elev,wst_id,cst_id,ovfl,rule,rec_id
1,pt0008,8,0.0,42.25428085111,3.07216058211613,8.0,192,,0,0,1
2,pt0010,10,0.0,42.2438402552367,2.97448587690088,24.0,191,,0,0,2
3,pt0012,12,0.0,42.2379549443411,2.96920966769659,32.0,191,,0,0,3
4,pt0014,14,0.0,42.2922222120075,3.00880656822616,20.0,201,,0,0,4
5,pt0016,16,0.0,42.3157290953762,2.91808273053578,49.0,203,,0,0,5
6,pt0018,18,0.0,42.3346321003961,2.85990498513753,89.0,205,,0,0,6
7,pt0020,20,0.0,42.268221355888,2.1594285114463,824.0,189,,0,0,7
8,pt0022,22,0.0,42.3404806502905,2.83345627634252,147.0,205,,0,0,8
9,pt0024,24,0.0,42.2686257498346,2.5951144444731,262.0,186,,0,0,9
10,pt0026,26,0.0,42.2995834047169,2.35891077896533,913.0,195,,0,0,10
11,pt0028,28,0.0,42.312692335764,2.36494334256715,946.0,195,,0,0,11
12,pt0030,30,0.0,42.3112877702839,2.14828638864155,961.0,213,,0,0,12
13,pt0032,32,0.0,42.318481996374,2.34814842957694,972.0,195,,0,0,13
14,pt0034,34,0.0,42.3168578203542,2.7815477763095,178.0,205,,0,0,14
15,pt0036,36,0.0,42.3136150039768,2.1103803252985,1035.0,213,,0,0,15
16,pt0038,38,0.0,42.2843385694804,3.09420508058143,4.0,192,,0,0,16
17,pt0040,40,0.0,42.3620847670728,3.1445662262028,7.0,217,,0,0,17
18,pt0042,42,0.0,42.3006891270493,3.08630372518111,7.0,192,,0,0,18
19,pt0044,44,0.0,42.4046040053179,2.87650907824979,93.0,205,,0,0,19
20,pt0046,46,0.0,42.3456190349046,2.40955620701351,1072.0,209,,0,0,20
21,pt0048,48,0.0,42.2522600704867,2.86272730550647,88.0,203,,0,0,21
22,pt0050,50,0.0,42.4301636531227,3.0282396705048,201.0,210,,0,0,22
23,pt0052,52,0.0,42.2627109269124,2.41814816525106,656.0,195,,0,0,23
24,pt0054,54,0.0,42.2459527679518,2.65949016003048,239.0,182,,0,0,24
25,pt0056,56,0.0,42.3123498806164,1.98328376477458,1685.0,190,,0,0,25
26,pt0058,58,0.0,42.3264339167208,2.58020351697738,694.0,209,,0,0,26
27,pt0060,60,0.0,42.3627418379564,2.85807954915391,111.0,205,,0,0,27
28,pt0062,62,0.0,42.35297024924,3.11017208487119,65.0,217,,0,0,28
29,pt0064,64,0.0,42.0352152103252,3.12540690515184,0.0,159,,0,0,29
30,pt0066,66,0.0,42.0568538151772,2.96491100466579,27.0,168,,0,0,30
31,pt0068,68,0.0,42.062049742494,2.90437231360905,37.0,168,,0,0,31
32,pt0070,70,0.0,42.0273146133428,2.83164559342454,60.0,150,,0,0,32
33,pt0072,72,0.0,42.0122639783416,2.82291882796223,61.0,150,,0,0,33
34,pt0074,74,0.0,42.2457574383791,3.10382624758024,4.0,192,,0,0,34
35,pt0076,76,0.0,42.1686536262056,3.03163827204398,7.0,184,,0,0,35
36,pt0078,78,0.0,42.1680020974568,2.97803154772487,20.0,191,,0,0,36
37,pt0080,80,0.0,42.1770940351677,2.87958944755373,57.0,182,,0,0,37
38,pt0082,82,0.0,42.1698908396193,2.86905727727763,66.0,182,,0,0,38
39,pt0084,84,0.0,42.0366939022347,2.24053721372169,480.0,166,,0,0,39
40,pt0086,86,0.0,42.1776344548697,2.79872719017978,112.0,182,,0,0,40
41,pt0088,88,0.0,42.1828358628031,2.78288872571027,135.0,182,,0,0,41
42,pt0090,90,0.0,42.0425949882818,2.2430981057493,491.0,166,,0,0,42
43,pt0092,92,0.0,42.1900070028803,2.77231501702837,114.0,182,,0,0,43
44,pt0094,94,0.0,42.0485075309604,2.24741360162669,498.0,166,,0,0,44
45,pt0096,96,0.0,42.0758893506149,2.23568248872699,525.0,166,,0,0,45
46,pt0098,98,0.0,42.2021935472205,2.6746727368408,146.0,182,,0,0,46
47,pt0100,100,0.0,42.2111038495527,2.59812018320084,198.0,186,,0,0,47
48,pt0102,102,0.0,42.1384814282643,2.21033566544796,628.0,179,,0,0,48
49,pt0104,104,0.0,42.1501938389682,2.2022832510214,629.0,179,,0,0,49
50,pt0106,106,0.0,42.2220416154924,2.55055566690082,251.0,186,,0,0,50
51,pt0108,108,0.0,42.1665308611572,2.20119926243212,650.0,179,,0,0,51
52,pt0110,110,0.0,42.1723652063529,2.19409508839919,657.0,179,,0,0,52
53,pt0112,112,0.0,42.215992135585,2.51014360957051,316.0,186,,0,0,53
54,pt0114,114,0.0,42.2169465208736,2.21199719255789,704.0,189,,0,0,54
55,pt0116,116,0.0,42.2144719984536,2.46266592799976,348.0,186,,0,0,55
56,pt0118,118,0.0,42.2055610255722,2.17344928187582,702.0,179,,0,0,56
57,pt0120,120,0.0,42.0346144240512,3.05963421924595,11.0,158,,0,0,57
58,pt0122,122,0.0,42.189471242324,2.84264415961123,84.0,182,,0,0,58
59,pt0124,124,0.0,42.2202592296502,2.44238804769379,365.0,186,,0,0,59
60,pt0126,126,0.0,42.2145796433819,2.66229705230223,169.0,182,,0,0,60
61,pt0128,128,0.0,42.226426447887,2.26113665279084,736.0,189,,0,0,61
62,pt0130,130,0.0,42.2209438362018,2.60773256623826,194.0,186,,0,0,62
63,pt0132,132,0.0,42.2284995997459,2.27870497598148,754.0,189,,0,0,63
64,pt0134,134,0.0,42.2333683914156,2.60853533549564,203.0,186,,0,0,64
65,pt0136,136,0.0,42.2499561176345,2.1649506033374,780.0,189,,0,0,65
66,pt0138,138,0.0,42.2477361029144,2.60404702851948,225.0,186,,0,0,66
67,pt0140,140,0.0,42.2407252345334,2.6603980686843,234.0,182,,0,0,67
68,pt0142,142,0.0,42.2480167479691,2.082266234584,890.0,179,,0,0,68
69,pt0144,144,0.0,42.2183903301081,2.80739272894927,139.0,182,,0,0,69
70,pt0146,146,0.0,42.1762064726653,2.73896609010018,138.0,182,,0,0,70
71,pt0148,148,0.0,42.1696483378007,2.73020490249367,139.0,182,,0,0,71
72,pt0150,150,0.0,42.049928711346,2.26493995324718,504.0,166,,0,0,72
73,pt0152,152,0.0,42.2002563836436,2.49971432760147,386.0,186,,0,0,73
74,pt0154,154,0.0,42.2359912060548,2.96129299764674,38.0,191,,0,0,74
75,pt0156,156,0.0,42.1799550537493,2.49196379134661,431.0,186,,0,0,75
76,pt0158,158,0.0,42.2242158707047,2.94370873993907,52.0,191,,0,0,76
77,pt0160,160,0.0,42.1753631060985,2.48848497798693,446.0,186,,0,0,77
78,pt0162,162,0.0,42.0809336661906,2.8367694742087,82.0,174,,0,0,78
79,pt0164,164,0.0,42.0710787835666,2.30154879230516,555.0,171,,0,0,79
80,pt0166,166,0.0,42.2119578525695,2.48467220928598,356.0,186,,0,0,80
81,pt0168,168,0.0,42.2028327358729,2.49090127728448,387.0,186,,0,0,81
82,pt0170,170,0.0,42.1470725574783,2.45005878816668,462.0,177,,0,0,82
83,pt0172,172,0.0,42.0528743734494,2.88070155656419,46.0,150,,0,0,83
84,pt0174,174,0.0,42.142445230928,2.43955760504259,465.0,177,,0,0,84
85,pt0176,176,0.0,42.0106820041298,2.50558568694668,418.0,155,,0,0,85
86,pt0178,178,0.0,42.0692684843863,2.94560070178583,38.0,168,,0,0,86
87,pt0180,180,0.0,42.0959956815906,2.85516462084437,74.0,174,,0,0,87
88,pt0182,182,0.0,42.1813558447946,2.70554377396624,182.0,182,,0,0,88
89,pt0184,184,0.0,42.0178470900562,2.36700865092537,559.0,149,,0,0,89
90,pt0186,186,0.0,42.1248320178332,2.44761659934733,474.0,177,,0,0,90
91,pt0188,188,0.0,42.2110771844863,2.86721346368384,112.0,182,,0,0,91
92,pt0190,190,0.0,42.1556168544915,2.62307278833557,303.0,186,,0,0,92
93,pt0192,192,0.0,42.146835376527,2.40262204794998,567.0,177,,0,0,93
94,pt0194,194,0.0,42.0270238903873,2.37130183925658,646.0,149,,0,0,94
95,pt0196,196,0.0,42.0822244617233,2.82535725644511,89.0,174,,0,0,95
96,pt0198,198,0.0,42.011800049991,2.33813968503568,413.0,149,,0,0,96
97,pt0200,200,0.0,42.1447812969156,2.38507201402745,691.0,177,,0,0,97
98,pt0202,202,0.0,42.0765170521084,2.33659011134512,637.0,171,,0,0,98
99,pt0204,204,0.0,42.0164217242093,2.47310333740434,753.0,155,,0,0,99
100,pt0206,206,0.0,42.0228415932707,2.93248841890409,65.0,152,,0,0,100
101,pt0208,208,0.0,42.1429564158271,2.55638609187361,537.0,186,,0,0,101
102,pt0210,210,0.0,42.193412939453,2.31414142100592,931.0,189,,0,0,102
103,pt0212,212,0.0,42.0428461375622,2.39570359617715,810.0,149,,0,0,103
104,pt0214,214,0.0,42.12069174161,2.76553822384049,174.0,174,,0,0,104
105,pt0216,216,0.0,42.1359001658198,2.31752547116344,952.0,171,,0,0,105
106,pt0218,218,0.0,42.0333383922154,2.45895464964809,870.0,149,,0,0,106
107,pt0220,220,0.0,42.0049666054058,2.19007550297114,564.0,143,,0,0,107
108,pt0222,222,0.0,42.0908502550159,2.37122043873525,800.0,177,,0,0,108
109,pt0224,224,0.0,42.0738233666677,2.60249735436378,314.0,156,,0,0,109
110,pt0226,226,0.0,42.1185416574307,2.68034678971229,225.0,174,,0,0,110
111,pt0228,228,0.0,42.1180253002231,2.18336878912104,602.0,171,,0,0,111
112,pt0230,230,0.0,42.1026984783635,2.23623845718023,578.0,171,,0,0,112
113,pt0232,232,0.0,42.1081613061211,2.84140947904093,88.0,174,,0,0,113
114,pt0234,234,0.0,42.1758951811913,2.67677093392176,244.0,182,,0,0,114
115,pt0236,236,0.0,41.9840761691674,2.78006026103654,88.0,144,,0,0,115
116,pt0238,238,0.0,41.9853562327918,2.28934250545871,426.0,143,,0,0,116
117,pt0240,240,0.0,41.9879276533792,2.28230346414082,434.0,143,,0,0,117
118,pt0242,242,0.0,41.98403761814,2.76078270924926,90.0,144,,0,0,118
119,pt0244,244,0.0,41.9908143388255,2.22355598141871,507.0,143,,0,0,119
120,pt0246,246,0.0,42.0214804907105,2.59142551415363,202.0,156,,0,0,120
121,pt0248,248,0.0,42.003702247031,2.19622717700542,547.0,143,,0,0,121
122,pt0250,250,0.0,42.0167276852596,2.76066023936434,147.0,144,,0,0,122
123,pt0252,252,0.0,42.0056901173733,2.41709258079265,801.0,149,,0,0,123
124,pt0254,254,0.0,41.9900346477836,2.8229804510622,64.0,150,,0,0,124
125,pt0256,256,0.0,41.9749997982619,2.82477436007452,70.0,150,,0,0,125
126,pt0258,258,0.0,41.9717475798981,2.83617244726018,75.0,150,,0,0,126
127,pt0260,260,0.0,41.9665280950152,2.84406998935898,75.0,150,,0,0,127
128,pt0262,262,0.0,41.9608084382474,2.6303546314266,150.0,146,,0,0,128
129,pt0264,264,0.0,41.9840541365877,2.29023323829041,436.0,143,,0,0,129
130,pt0266,266,0.0,41.9645288447188,2.42272385312762,371.0,149,,0,0,130
131,pt0268,268,0.0,41.8060817462256,2.70988993156838,82.0,115,,0,0,131
132,pt0270,270,0.0,41.7645015926387,2.58345407065496,134.0,115,,0,0,132
133,pt0272,272,0.0,41.7703732203517,2.57992271688693,135.0,115,,0,0,133
134,pt0274,274,0.0,41.9063359885117,2.81621028974411,93.0,137,,0,0,134
135,pt0276,276,0.0,41.9646660811657,3.03854509973735,33.0,147,,0,0,135
136,pt0278,278,0.0,41.8116671283168,3.05156182806519,9.0,124,,0,0,136
137,pt0280,280,0.0,41.8984902099376,2.81623278758173,96.0,137,,0,0,137
138,pt0282,282,0.0,41.8978405655041,2.81885988803881,97.0,137,,0,0,138
139,pt0284,284,0.0,41.8919548396196,2.81800151894725,95.0,137,,0,0,139
140,pt0286,286,0.0,41.9515928929737,3.02802744719422,36.0,147,,0,0,140
141,pt0288,288,0.0,41.8123245468505,3.0428232064636,9.0,124,,0,0,141
142,pt0290,290,0.0,41.8886642100401,2.80488654842522,98.0,137,,0,0,142
143,pt0292,292,0.0,41.838054411782,2.6852661980162,107.0,130,,0,0,143
144,pt0294,294,0.0,41.85955537302,2.658924109444,135.0,130,,0,0,144
145,pt0296,296,0.0,41.8821061625139,2.79353326191065,102.0,137,,0,0,145
146,pt0298,298,0.0,41.8146105951966,2.5228274882457,270.0,129,,0,0,146
147,pt0300,300,0.0,41.9749746450623,2.80900400949527,78.0,148,,0,0,147
148,pt0302,302,0.0,41.8658846204542,2.88104981314035,127.0,132,,0,0,148
149,pt0304,304,0.0,41.8864614614197,2.26244225645551,509.0,143,,0,0,149
150,pt0306,306,0.0,41.9475615886585,2.83973742114273,82.0,150,,0,0,150
151,pt0308,308,0.0,41.9022479176598,2.73220864640286,127.0,136,,0,0,151
152,pt0310,310,0.0,41.9545142442354,2.2712924528248,459.0,143,,0,0,152
153,pt0312,312,0.0,41.8632559991271,3.13119257910177,12.0,124,,0,0,153
154,pt0314,314,0.0,41.7925553965585,2.80692557619821,100.0,137,,0,0,154
155,pt0316,316,0.0,41.8720673502023,2.26085832102084,531.0,135,,0,0,155
156,pt0318,318,0.0,41.9664188373473,2.29305705652364,458.0,143,,0,0,156
157,pt0320,320,0.0,41.8280061798263,2.93531589449689,67.0,126,,0,0,157
158,pt0322,322,0.0,41.7891475556045,2.73704786000425,69.0,115,,0,0,158
159,pt0324,324,0.0,41.9636942906816,3.09395557889885,47.0,147,,0,0,159
160,pt0326,326,0.0,41.9221995563625,2.71355626754345,156.0,136,,0,0,160
161,pt0328,328,0.0,41.9626244970246,3.14103183986713,14.0,159,,0,0,161
162,pt0330,330,0.0,41.7984718565823,2.82700352093776,117.0,137,,0,0,162
163,pt0332,332,0.0,41.9336225242043,2.18579129910216,554.0,143,,0,0,163
164,pt0334,334,0.0,41.7741190807545,2.39386576705551,555.0,129,,0,0,164
165,pt0336,336,0.0,41.8735593177473,2.4051735518681,690.0,129,,0,0,165
166,pt0338,338,0.0,41.8466028866905,2.51209729883957,426.0,129,,0,0,166
167,pt0340,340,0.0,41.9650612625335,2.39906720672031,429.0,149,,0,0,167
168,pt0342,342,0.0,41.9699415319124,2.23081798121146,514.0,143,,0,0,168
169,pt0344,344,0.0,41.7835411241483,2.92749888860811,170.0,126,,0,0,169
170,pt0346,346,0.0,41.9455996499422,2.30992589511918,519.0,143,,0,0,170
171,pt0348,348,0.0,41.7839944081431,2.40687563523037,746.0,129,,0,0,171
172,pt0350,350,0.0,41.7643332936186,2.75112139871155,91.0,115,,0,0,172
173,pt0352,352,0.0,41.7997700380512,2.42333122752764,1022.0,129,,0,0,173
174,pt0354,354,0.0,41.8060139734912,2.89951102902527,137.0,132,,0,0,174
175,pt0356,356,0.0,41.8224899787544,2.44288238517373,572.0,129,,0,0,175
176,pt0358,358,0.0,41.8336003448977,2.39068229495481,830.0,129,,0,0,176
177,pt0360,360,0.0,41.8053730502636,2.68892147069637,83.0,130,,0,0,177
178,pt0362,362,0.0,41.845482473377,2.29613873237457,639.0,117,,0,0,178
179,pt0364,364,0.0,41.8994770344884,2.49244285409249,771.0,155,,0,0,179
180,pt0366,366,0.0,41.9055770571483,3.16260237154887,34.0,159,,0,0,180
181,pt0368,368,0.0,41.9375846236543,2.79160316814856,107.0,144,,0,0,181
182,pt0370,370,0.0,41.949366735032,2.86099817977579,139.0,150,,0,0,182
183,pt0372,372,0.0,41.9731614725757,2.95062493438968,102.0,152,,0,0,183
184,pt0374,374,0.0,41.774589834859,2.66985543973754,59.0,115,,0,0,184
185,pt0376,376,0.0,41.5463692575546,2.24717357853882,69.0,85,,0,0,185
186,pt0378,378,0.0,41.5509855995667,2.2532126594142,73.0,85,,0,0,186
187,pt0380,380,0.0,41.6150066507186,2.24463348749154,128.0,85,,0,0,187
188,pt0382,382,0.0,41.630697688044,2.24445033343066,144.0,85,,0,0,188
189,pt0384,384,0.0,41.6218172200447,2.28724914767573,154.0,83,,0,0,189
190,pt0386,386,0.0,41.6804290512936,2.4889350941304,140.0,108,,0,0,190
191,pt0388,388,0.0,41.6578137840847,2.29295508972173,197.0,95,,0,0,191
192,pt0390,390,0.0,41.6842203609221,2.46012331861168,172.0,108,,0,0,192
193,pt0392,392,0.0,41.7165425304816,2.5244262022161,121.0,108,,0,0,193
194,pt0394,394,0.0,41.7184969415799,2.17623006331431,566.0,94,,0,0,194
195,pt0396,396,0.0,41.719798729757,2.27220503582739,311.0,117,,0,0,195
196,pt0398,398,0.0,41.7265384356214,2.5723536465902,80.0,108,,0,0,196
197,pt0400,400,0.0,41.7276024723205,2.5112532109331,150.0,108,,0,0,197
198,pt0402,402,0.0,41.7245653581608,2.42051331823011,283.0,108,,0,0,198
199,pt0404,404,0.0,41.7375836458989,2.40904865943638,324.0,108,,0,0,199
200,pt0406,406,0.0,41.7410882664611,2.61939620135074,73.0,115,,0,0,200
201,pt0408,408,0.0,41.7382974074993,2.56965692075815,109.0,108,,0,0,201
202,pt0410,410,0.0,41.7460514728869,2.40285994213881,362.0,129,,0,0,202
203,pt0412,412,0.0,41.7395653354773,2.55917335759075,122.0,108,,0,0,203
204,pt0414,414,0.0,41.748456564315,2.16013247697817,647.0,135,,0,0,204
205,pt0416,416,0.0,41.7525621275586,2.39756101240007,378.0,129,,0,0,205
206,pt0418,418,0.0,41.7567328403335,2.60533325475168,94.0,115,,0,0,206
207,pt0420,420,0.0,41.7668898242145,2.52492785628594,336.0,108,,0,0,207
208,pt0422,422,0.0,41.7438606288583,2.49105134638213,271.0,108,,0,0,208
209,pt0424,424,0.0,41.54714125785,2.26544146026549,78.0,83,,0,0,209
210,pt0426,426,0.0,41.5557451856333,2.28188243588298,85.0,83,,0,0,210
211,pt0428,428,0.0,41.5886736233789,2.32070743066577,117.0,95,,0,0,211
212,pt0430,430,0.0,41.6085836860587,2.08093247487324,252.0,84,,0,0,212
213,pt0432,432,0.0,41.6242668323172,2.37087309033443,161.0,95,,0,0,213
214,pt0434,434,0.0,41.6099760473036,2.17848335828719,161.0,94,,0,0,214
215,pt0436,436,0.0,41.6189809904632,2.07294328393069,303.0,84,,0,0,215
216,pt0438,438,0.0,41.6392639470194,2.15980868853213,209.0,94,,0,0,216
217,pt0440,440,0.0,41.6030921433932,2.60888413381876,17.0,108,,0,0,217
218,pt0442,442,0.0,41.538468604207,2.06191120159527,192.0,84,,0,0,218
219,pt0444,444,0.0,41.593064595534,2.40514302546572,133.0,96,,0,0,219
220,pt0446,446,0.0,41.6849886895415,2.35545479197214,315.0,95,,0,0,220
221,pt0448,448,0.0,41.7305788628473,2.92494005286861,15.0,126,,0,0,221
222,pt0450,450,0.0,41.6738517704304,2.48026677470114,150.0,108,,0,0,222
223,pt0452,452,0.0,41.5862694222091,2.15527104216091,154.0,94,,0,0,223
224,pt0454,454,0.0,41.5508617996136,2.0582505617221,236.0,84,,0,0,224
225,pt0456,456,0.0,41.5983664056083,2.41903061214551,168.0,96,,0,0,225
226,pt0458,458,0.0,41.5716161876602,2.20944241726677,98.0,85,,0,0,226
227,pt0460,460,0.0,41.5352549166515,2.1533246767745,94.0,72,,0,0,227
228,pt0462,462,0.0,41.60703488028,2.13409316155769,204.0,94,,0,0,228
229,pt0464,464,0.0,41.7084811737024,2.34736767973366,430.0,117,,0,0,229
230,pt0466,466,0.0,41.6835683479408,2.0554457444392,473.0,110,,0,0,230
231,pt0468,468,0.0,41.623300033135,2.12341942670096,252.0,94,,0,0,231
232,pt0470,470,0.0,41.5925515589805,2.03935529218644,370.0,84,,0,0,232
233,pt0472,472,0.0,41.5900546047097,2.2037658397278,120.0,85,,0,0,233
234,pt0474,474,0.0,41.6298244595889,2.12158817511319,279.0,94,,0,0,234
235,pt0476,476,0.0,41.6932160602427,2.57868052227662,143.0,108,,0,0,235
236,pt0478,478,0.0,41.6571500293579,2.32609099637511,242.0,95,,0,0,236
237,pt0480,480,0.0,41.4878031912291,2.19220205072429,31.0,66,,0,0,237
238,pt0482,482,0.0,41.4877602846979,2.18611588362622,38.0,66,,0,0,238
239,pt0484,484,0.0,41.5023174811265,2.12070444788991,101.0,72,,0,0,239
240,pt0486,486,0.0,41.5120305140484,2.10839509413079,115.0,72,,0,0,240
241,pt0488,488,0.0,41.4815990720236,2.14793737647984,61.0,72,,0,0,241
242,pt0490,490,0.0,41.4746902556902,2.09934415237406,100.0,72,,0,0,242
243,pt0492,492,0.0,41.7712136841478,2.46725466728388,1100.0,129,,0,0,243
244,pt0494,494,0.0,41.7809467557693,2.45145139506869,1225.0,129,,0,0,244
245,pt0496,496,0.0,41.4616205252874,2.18818118009578,16.0,66,,0,0,245
246,pt0498,498,0.0,41.472600379613,2.08651964275832,115.0,72,,0,0,246
247,pt0500,500,0.0,41.5256237061763,2.09080783612605,141.0,84,,0,0,247
248,pt0502,502,0.0,41.5682353132723,2.10501089945436,161.0,84,,0,0,248
249,pt0504,504,0.0,41.6013573452546,2.07667977911655,225.0,84,,0,0,249
250,pt0506,506,0.0,41.6443429576246,2.05601888438268,369.0,110,,0,0,250
251,pt0508,508,0.0,41.6737763430579,2.05733297545145,458.0,110,,0,0,251
252,pt0510,510,0.0,41.5210170794453,2.17351967572791,65.0,72,,0,0,252
253,pt0512,512,0.0,41.4923858968093,2.19301470824197,33.0,66,,0,0,253
254,pt0514,514,0.0,41.5318117869493,2.22123880503385,54.0,85,,0,0,254
255,pt0516,516,0.0,41.543014051527,2.23415844945097,61.0,85,,0,0,255
256,pt0518,518,0.0,41.5224971453342,2.19786065887852,55.0,85,,0,0,256
257,pt0520,520,0.0,41.5746466624324,2.17544842968807,110.0,94,,0,0,257
258,pt0522,522,0.0,41.6431546750488,2.1554000746359,230.0,94,,0,0,258
259,pt0524,524,0.0,41.5862453509504,2.24583967672977,99.0,85,,0,0,259
260,pt0526,526,0.0,41.6522035353506,2.23373821086256,167.0,94,,0,0,260
261,pt0528,528,0.0,41.6924880088928,2.19662446363875,254.0,94,,0,0,261
262,pt0530,530,0.0,41.7035593606194,2.19037964497859,287.0,94,,0,0,262
263,pt0532,532,0.0,41.7307664864926,2.15512616868875,616.0,94,,0,0,263
264,pt0534,534,0.0,41.5657071944309,2.30701882903213,100.0,83,,0,0,264
265,pt0536,536,0.0,41.5985823560184,2.33802389471144,129.0,95,,0,0,265
266,pt0538,538,0.0,41.6163634179142,2.36049480584829,151.0,95,,0,0,266
267,pt0540,540,0.0,41.6555772991622,2.35749168616687,231.0,95,,0,0,267
268,pt0542,542,0.0,41.6321973412014,2.38648247157852,170.0,95,,0,0,268
269,pt0544,544,0.0,41.6467532322208,2.41946778793794,195.0,96,,0,0,269
270,pt0546,546,0.0,41.6604478596806,2.41236998218904,213.0,96,,0,0,270
271,pt0548,548,0.0,41.5681649462323,2.3949241605083,87.0,77,,0,0,271
272,pt0550,550,0.0,41.6031098010031,2.45296022976646,231.0,96,,0,0,272
273,pt0552,552,0.0,41.6142043965786,2.60794577904761,45.0,108,,0,0,273
274,pt0554,554,0.0,41.707994461177,2.7050963365312,24.0,115,,0,0,274
275,pt0556,556,0.0,41.7719070550203,2.64716172398797,85.0,115,,0,0,275
276,pt0558,558,0.0,41.8048647634052,2.74834316846645,75.0,136,,0,0,276
277,pt0560,560,0.0,41.8258583668618,2.78322489789588,79.0,136,,0,0,277
278,pt0562,562,0.0,41.8100734785117,2.53247385169914,253.0,129,,0,0,278
279,pt0564,564,0.0,41.81971374337,2.49307320621089,363.0,129,,0,0,279
280,pt0566,566,0.0,41.730609639591,2.61422123562202,66.0,115,,0,0,280
281,pt0568,568,0.0,41.7273018755607,2.60289515269752,71.0,115,,0,0,281
282,pt0570,570,0.0,41.7356590885028,2.56356442931012,116.0,108,,0,0,282
283,pt0572,572,0.0,41.7159630862921,2.54275517794611,95.0,108,,0,0,283
284,pt0574,574,0.0,41.6975343343497,2.51322564278903,114.0,108,,0,0,284
285,pt0576,576,0.0,41.6843789426066,2.49500908052888,133.0,108,,0,0,285
286,pt0578,578,0.0,41.6796842920915,2.46888236896574,156.0,108,,0,0,286
287,pt0580,580,0.0,41.7623136772796,2.38699104155115,416.0,129,,0,0,287
288,pt0582,582,0.0,41.662740802204,2.48122801761123,173.0,108,,0,0,288
289,pt0584,584,0.0,41.7416724399629,2.89699253765828,57.0,126,,0,0,289
290,pt0586,586,0.0,41.8260513352433,2.94842938487512,54.0,126,,0,0,290
291,pt0588,588,0.0,41.8476298114267,3.0463443235872,47.0,124,,0,0,291
292,pt0590,590,0.0,41.8637266498081,3.00909230049564,119.0,126,,0,0,292
293,pt0592,592,0.0,41.9443032611783,3.15237574591174,28.0,159,,0,0,293
294,pt0594,594,0.0,41.9848994551874,3.09726745086458,25.0,160,,0,0,294
295,pt0596,596,0.0,41.9979108130612,3.15600935805164,2.0,159,,0,0,295
296,pt0598,598,0.0,42.0101465601145,3.00659067646732,97.0,152,,0,0,296
297,pt0600,600,0.0,41.9810155459219,3.02278303988354,33.0,153,,0,0,297
298,pt0602,602,0.0,42.0732041169946,2.99649144348189,18.0,168,,0,0,298
299,pt0604,604,0.0,42.0849706029066,2.97893786217392,24.0,168,,0,0,299
300,pt0606,606,0.0,42.0673178831136,2.97806629476789,29.0,168,,0,0,300
301,pt0608,608,0.0,42.0967073044497,2.91222053936509,63.0,168,,0,0,301
302,pt0610,610,0.0,42.0542345598246,2.95350854283878,29.0,168,,0,0,302
303,pt0612,612,0.0,42.0587928162454,2.92016834820327,37.0,168,,0,0,303
304,pt0614,614,0.0,42.0535402812576,2.89298130142281,46.0,168,,0,0,304
305,pt0616,616,0.0,42.0502573375045,2.87895211662015,43.0,150,,0,0,305
306,pt0618,618,0.0,42.0554523994294,2.84911609635098,58.0,174,,0,0,306
307,pt0620,620,0.0,42.1050483921878,2.79017771042217,123.0,174,,0,0,307
308,pt0622,622,0.0,41.9900291890439,2.81947510278784,70.0,150,,0,0,308
309,pt0624,624,0.0,41.9860604297285,2.79232143873013,80.0,148,,0,0,309
310,pt0626,626,0.0,41.9396873556435,2.82049281035418,84.0,139,,0,0,310
311,pt0628,628,0.0,41.9082917748107,2.81270379198413,91.0,139,,0,0,311
312,pt0630,630,0.0,41.9175248769685,2.87044978570859,142.0,139,,0,0,312
313,pt0632,632,0.0,41.873671823568,2.8337988880093,106.0,137,,0,0,313
314,pt0634,634,0.0,41.8711311981006,2.89765967672775,134.0,132,,0,0,314
315,pt0636,636,0.0,41.8449365250016,2.85835530580663,112.0,137,,0,0,315
316,pt0638,638,0.0,41.8168630346887,2.89687214206233,130.0,132,,0,0,316
317,pt0640,640,0.0,41.8762504874419,2.81017301835255,99.0,137,,0,0,317
318,pt0642,642,0.0,41.8351001481172,2.83652138757337,116.0,137,,0,0,318
319,pt0644,644,0.0,41.8859382495882,2.74802526082255,118.0,136,,0,0,319
320,pt0646,646,0.0,41.9501180866549,2.80207187658934,95.0,148,,0,0,320
321,pt0648,648,0.0,41.9722654845228,2.75907456856439,92.0,144,,0,0,321
322,pt0650,650,0.0,41.9918473424003,2.74410252742984,102.0,144,,0,0,322
323,pt0652,652,0.0,42.0562507668681,2.6262926806842,277.0,156,,0,0,323
324,pt0654,654,0.0,41.9709391568993,2.75031877925937,97.0,144,,0,0,324
325,pt0656,656,0.0,41.9740220576534,2.67583648310456,122.0,146,,0,0,325
326,pt0658,658,0.0,41.9668203115957,2.67236890817361,129.0,146,,0,0,326
327,pt0660,660,0.0,41.975180635144,2.62676699340031,157.0,146,,0,0,327
328,pt0662,662,0.0,41.9849818553106,2.62495721365582,159.0,156,,0,0,328
329,pt0664,664,0.0,41.9509348526127,2.61026820035822,205.0,146,,0,0,329
330,pt0666,666,0.0,42.0377678754374,2.57553530094166,228.0,156,,0,0,330
331,pt0668,668,0.0,42.0702501360226,2.52267250139325,426.0,155,,0,0,331
332,pt0670,670,0.0,42.0982498402478,2.49612778344735,503.0,177,,0,0,332
333,pt0672,672,0.0,41.9014576693784,2.49680279632955,734.0,155,,0,0,333
334,pt0674,674,0.0,41.9323952309416,2.40375166231868,462.0,149,,0,0,334
335,pt0676,676,0.0,41.8511249133391,2.36690620728777,707.0,129,,0,0,335
336,pt0678,678,0.0,41.9711069808636,2.311402791748,418.0,143,,0,0,336
337,pt0680,680,0.0,41.9558384096913,2.27390496341819,459.0,143,,0,0,337
338,pt0682,682,0.0,41.8778488226923,2.24504532357413,526.0,135,,0,0,338
339,pt0684,684,0.0,41.8634255960681,2.2390928104616,549.0,135,,0,0,339
340,pt0686,686,0.0,42.0086289424051,2.24788384625032,462.0,143,,0,0,340
341,pt0688,688,0.0,42.0946879074169,2.313578635906,713.0,171,,0,0,341
342,pt0690,690,0.0,42.0967619951782,2.22840948657377,561.0,171,,0,0,342
343,pt0692,692,0.0,42.1123140567915,2.20802652732696,572.0,171,,0,0,343
344,pt0694,694,0.0,42.1870882019174,2.24401392771497,774.0,189,,0,0,344
345,pt0696,696,0.0,42.1887390473093,2.19828248758621,670.0,179,,0,0,345
346,pt0698,698,0.0,42.1688055319827,2.15371568926521,750.0,179,,0,0,346
347,pt0700,700,0.0,42.2212247642231,2.16972692012359,729.0,179,,0,0,347
348,pt0702,702,0.0,42.2352121455484,2.11676065779025,823.0,179,,0,0,348
349,pt0704,704,0.0,42.2996569981088,2.16693602429649,901.0,213,,0,0,349
350,pt0706,706,0.0,42.3539397149386,2.16974494355426,1112.0,213,,0,0,350
351,pt0708,708,0.0,42.3869836757697,2.22045594424738,1993.0,213,,0,0,351
352,pt0710,710,0.0,42.3192907279195,2.0054751676069,1486.0,211,,0,0,352
353,pt0712,712,0.0,42.2217357154793,2.24360073143741,727.0,189,,0,0,353
354,pt0714,714,0.0,42.2390251673908,2.28914236864803,765.0,189,,0,0,354
355,pt0716,716,0.0,42.2536868269984,2.33561645566551,823.0,195,,0,0,355
356,pt0718,718,0.0,42.3814679286127,2.3889399600415,1226.0,209,,0,0,356
357,pt0720,720,0.0,42.3907373906302,2.29536988345263,1421.0,209,,0,0,357
358,pt0722,722,0.0,42.0881059255826,2.82358574656272,87.0,174,,0,0,358
359,pt0724,724,0.0,42.1614588855316,2.95870234791593,34.0,191,,0,0,359
360,pt0726,726,0.0,42.166012464731,2.91651862571711,47.0,191,,0,0,360
361,pt0728,728,0.0,42.1679549254198,2.89366746251094,51.0,182,,0,0,361
362,pt0730,730,0.0,42.1750743345376,2.83301205247162,88.0,182,,0,0,362
363,pt0732,732,0.0,42.1867148528222,2.76089915693102,112.0,182,,0,0,363
364,pt0734,734,0.0,42.1602714744901,2.64764833541587,244.0,174,,0,0,364
365,pt0736,736,0.0,42.1276850014449,2.68295835274106,220.0,174,,0,0,365
366,pt0738,738,0.0,42.154910034359,2.60726199722795,346.0,186,,0,0,366
367,pt0740,740,0.0,42.2009668815022,2.70457348840329,133.0,182,,0,0,367
368,pt0742,742,0.0,42.2111493031873,2.61131073316579,181.0,186,,0,0,368
369,pt0744,744,0.0,42.2993336028586,2.58963408440689,367.0,186,,0,0,369
370,pt0746,746,0.0,42.2641529371407,2.46136412989699,566.0,186,,0,0,370
371,pt0748,748,0.0,42.2971817481222,2.53945472116016,394.0,186,,0,0,371
372,pt0750,750,0.0,42.2988869751225,2.43613454185015,624.0,209,,0,0,372
373,pt0752,752,0.0,42.21755585611,2.57433337302611,222.0,186,,0,0,373
374,pt0754,754,0.0,42.2473871524466,2.51335266700189,346.0,186,,0,0,374
375,pt0756,756,0.0,42.1098039003574,2.44950306690159,481.0,177,,0,0,375
376,pt0758,758,0.0,42.0928519002897,2.45930494627945,500.0,177,,0,0,376
377,pt0760,760,0.0,42.1867416329008,2.40752076440326,566.0,177,,0,0,377
378,pt0762,762,0.0,42.2160257156732,2.38174294300878,584.0,195,,0,0,378
379,pt0764,764,0.0,42.2758700728364,3.04313562091278,10.0,201,,0,0,379
380,pt0766,766,0.0,42.2438175517874,2.92345488944334,50.0,191,,0,0,380
381,pt0768,768,0.0,42.279065477776,2.84509345904643,124.0,205,,0,0,381
382,pt0770,770,0.0,42.3094925670485,2.70406654260394,254.0,205,,0,0,382
383,pt0772,772,0.0,42.3039901260117,3.0088082080787,18.0,201,,0,0,383
384,pt0774,774,0.0,42.4314639957421,2.95058337651593,256.0,210,,0,0,384
385,pt0776,776,0.0,42.3751999177332,2.89155519793988,72.0,203,,0,0,385
386,pt0778,778,0.0,42.3921329570457,2.83684743952094,197.0,205,,0,0,386
387,pt0780,780,0.0,42.4346586322275,2.86056492566028,140.0,205,,0,0,387
388,pt0782,782,0.0,42.2823543510033,3.11885278215343,0.0,192,,0,0,388
389,pt0784,784,0.0,42.3116359880422,3.21403299879191,39.0,198,,0,0,389
390,pt0786,786,0.0,41.4505910627842,2.20048515424781,9.0,66,,0,0,390
391,pt0788,788,0.0,41.4747088260805,2.18975659266689,25.0,66,,0,0,391
392,pt0790,790,0.0,41.524671425682,2.13693225895934,98.0,72,,0,0,392
393,pt0792,792,0.0,41.6969873947124,2.28380274776436,252.0,117,,0,0,393
394,pt0794,794,0.0,41.7472020341304,2.26316538400237,360.0,117,,0,0,394
395,pt0796,796,0.0,41.7648485100888,2.26209024812962,411.0,117,,0,0,395
396,pt0798,798,0.0,41.7940858585635,2.69001023845582,69.0,115,,0,0,396
397,pt0800,800,0.0,41.8132868953046,2.71510098159718,85.0,130,,0,0,397
398,pt0802,802,0.0,41.669223233843,2.46896836197463,157.0,108,,0,0,398
399,pt0804,804,0.0,41.9803566105239,3.04118318676957,28.0,153,,0,0,399
400,pt0806,806,0.0,41.9365549674637,3.02889647087954,50.0,147,,0,0,400
401,pt0808,808,0.0,42.1011413611483,2.79896928224023,109.0,174,,0,0,401
402,pt0810,810,0.0,41.8779897200428,2.1706856914509,673.0,135,,0,0,402
403,pt0812,812,0.0,41.9286004001605,2.20855205659857,529.0,143,,0,0,403
404,pt0814,814,0.0,42.3067141680486,2.24181071646855,1333.0,189,,0,0,404
405,pt0816,816,0.0,42.3160059610879,2.16760125833464,954.0,213,,0,0,405
406,pt0818,818,0.0,42.3687116068513,2.97884333248741,74.0,210,,0,0,406
407,pt0820,820,0.0,42.3717253723944,3.0079360383176,68.0,210,,0,0,407
408,pt0822,822,0.0,42.3327556128048,3.01321763736706,26.0,201,,0,0,408
409,pt0824,824,0.0,42.3870079281035,3.0502663596138,98.0,210,,0,0,409
410,pt0826,826,0.0,42.1556007509949,2.45613528308193,460.0,177,,0,0,410
411,pt0828,828,0.0,42.2158203648914,2.47144902078834,353.0,186,,0,0,411
412,pt0830,830,0.0,41.6943402509085,2.73656204739204,15.0,100,,0,0,412
413,pt0832,832,0.0,41.7028176986644,2.72693072433005,19.0,115,,0,0,413
414,pt0834,834,0.0,41.8658799246718,2.59329236271372,268.0,130,,0,0,414
415,pt0836,836,0.0,41.7319548192926,2.62555987942383,63.0,115,,0,0,415
416,pt0838,838,0.0,41.723262825893,2.57062995840778,78.0,108,,0,0,416
417,pt0840,840,0.0,41.7047593220321,2.52102323022088,107.0,108,,0,0,417
418,pt0842,842,0.0,41.8567645164357,3.08045718171463,14.0,124,,0,0,418
419,pt0844,844,0.0,42.030660454269,3.10347547726683,10.0,160,,0,0,419
420,pt0846,846,0.0,41.9289722347116,3.0544124233852,102.0,147,,0,0,420
421,pt0848,848,0.0,41.8733049610245,2.35793998154843,604.0,129,,0,0,421
422,pt0850,850,0.0,41.9204796289464,2.26555215539482,477.0,143,,0,0,422
423,pt0852,852,0.0,42.1306063733909,2.20604215270925,600.0,171,,0,0,423
424,pt0854,854,0.0,42.2105394711837,2.62450518530912,181.0,186,,0,0,424
425,pt0856,856,0.0,42.216055005915,2.52509387998133,306.0,186,,0,0,425
426,pt0858,858,0.0,42.2379522453484,2.9604120359291,35.0,191,,0,0,426
427,pt0860,860,0.0,42.2752222980027,2.97799434856716,16.0,191,,0,0,427
428,pt0862,862,0.0,42.3299479624035,2.789431879426,195.0,205,,0,0,428
429,pt0864,864,0.0,42.3756276748871,2.74784030468143,326.0,205,,0,0,429
430,pt0866,866,0.0,41.7862808062208,2.24000571473667,445.0,117,,0,0,430
431,pt0868,868,0.0,42.0074467939871,3.18730078834895,2.0,159,,0,0,431
432,pt0870,870,0.0,42.0253681554176,3.15783011959326,0.0,159,,0,0,432
433,pt0872,872,0.0,42.1797444872283,3.07998637840646,0.0,180,,0,0,433
434,pt0874,874,0.0,42.2085065357201,3.08617813486126,2.0,192,,0,0,434
435,pt0876,876,0.0,41.9841239972521,2.30162375443418,423.0,143,,0,0,435
436,pt0878,878,0.0,41.9830995236436,2.3498281378378,410.0,149,,0,0,436
437,pt0880,880,0.0,41.9848271622524,2.58026846856018,193.0,156,,0,0,437
438,pt0882,882,0.0,41.9800463916372,2.52772777191883,248.0,155,,0,0,438
439,pt0884,884,0.0,41.943096409283,3.00875836232393,46.0,152,,0,0,439
440,pt0886,886,0.0,42.2114051108787,3.06936905342002,1.0,184,,0,0,440
441,pt0888,888,0.0,42.0248008868613,3.07102368935057,14.0,160,,0,0,441
442,pt0890,890,0.0,41.9895096138877,3.0420654200232,26.0,153,,0,0,442
443,pt0892,892,0.0,42.3131205233564,3.07222775758674,13.0,201,,0,0,443
444,pt0894,894,0.0,42.3484376514033,3.0458291071426,44.0,210,,0,0,444
445,pt0896,896,0.0,42.2009847802775,2.71160739854764,133.0,182,,0,0,445
446,pt0898,898,0.0,42.0293589585208,3.09645831735557,12.0,160,,0,0,446
447,pt0900,900,0.0,41.7264384648906,2.33796792564015,533.0,117,,0,0,447
448,pt0902,902,0.0,41.6908169516786,2.09514813515892,677.0,110,,0,0,448
449,pt0904,904,0.0,42.1215437797197,2.32207028485421,889.0,171,,0,0,449
450,pt0906,906,0.0,42.063560879499,2.24986787727985,514.0,166,,0,0,450
451,pt0908,908,0.0,41.9931795712537,2.28574997239525,437.0,143,,0,0,451
452,pt0910,910,0.0,41.7753639169871,2.51875145928555,424.0,108,,0,0,452
453,pt0912,912,0.0,41.827464854338,2.47203326022485,416.0,129,,0,0,453
454,pt0914,914,0.0,41.8606904584375,2.92395032814703,158.0,132,,0,0,454
455,pt0916,916,0.0,42.3169786695421,2.58775773859929,457.0,186,,0,0,455
456,pt0918,918,0.0,42.294836007838,3.01937358743737,14.0,201,,0,0,456
457,pt0920,920,0.0,41.651642091177,2.66089485434578,74.0,115,,0,0,457
458,pt0922,922,0.0,41.666285808716,2.76457839997846,5.0,100,,0,0,458
459,pt0924,924,0.0,41.8182150677056,2.97902549629718,35.0,126,,0,0,459
460,pt0926,926,0.0,41.8926496137409,3.15400293520561,29.0,159,,0,0,460
461,pt0928,928,0.0,41.9362421649663,2.27675408491952,466.0,143,,0,0,461
462,pt0930,930,0.0,41.7776593120456,2.93187273387311,222.0,126,,0,0,462
463,pt0932,932,0.0,41.4826638598352,2.11575345010468,83.0,72,,0,0,463
464,pt0934,934,0.0,41.5185277583616,2.10308629152521,123.0,72,,0,0,464
465,pt0936,936,0.0,41.5048928898877,2.20503604114105,38.0,66,,0,0,465
466,pt0938,938,0.0,41.5805063158914,2.08568455750244,190.0,84,,0,0,466
467,pt0940,940,0.0,41.6332860751698,2.06315206244049,337.0,110,,0,0,467
468,pt0942,942,0.0,41.6632588369194,2.05051134443851,435.0,110,,0,0,468
469,pt0944,944,0.0,41.6855367749384,2.05628913597001,478.0,110,,0,0,469
470,pt0946,946,0.0,41.5430488995197,2.14626086585327,117.0,72,,0,0,470
471,pt0948,948,0.0,41.5837871799499,2.17359051723367,121.0,94,,0,0,471
472,pt0950,950,0.0,41.647064510606,2.15360567603272,246.0,94,,0,0,472
473,pt0952,952,0.0,41.6441337513502,2.11180595502895,484.0,94,,0,0,473
474,pt0954,954,0.0,41.5463919948397,2.25065457624308,69.0,85,,0,0,474
475,pt0956,956,0.0,41.5694093670901,2.2712836315783,97.0,83,,0,0,475
476,pt0958,958,0.0,41.669090332892,2.21697063978222,206.0,94,,0,0,476
477,pt0960,960,0.0,41.7146673822515,2.18936767333074,364.0,94,,0,0,477
478,pt0962,962,0.0,41.6636656461092,2.28765970935551,206.0,95,,0,0,478
479,pt0964,964,0.0,41.8076112664085,2.30441802749939,645.0,117,,0,0,479
480,pt0966,966,0.0,41.7927895585058,2.23556062694416,460.0,117,,0,0,480
481,pt0968,968,0.0,41.793329926915,2.23482562031945,461.0,117,,0,0,481
482,pt0970,970,0.0,41.5932810354152,2.32588480617215,121.0,95,,0,0,482
483,pt0972,972,0.0,41.6058191324277,2.34578996835741,137.0,95,,0,0,483
484,pt0974,974,0.0,41.632892745152,2.39431920800765,173.0,95,,0,0,484
485,pt0976,976,0.0,41.6699609962799,2.35734867944414,277.0,95,,0,0,485
486,pt0978,978,0.0,41.7202196630155,2.34201296431938,506.0,117,,0,0,486
487,pt0980,980,0.0,41.5727233027251,2.39139893488284,99.0,77,,0,0,487
488,pt0982,982,0.0,41.5996784423008,2.41988987936567,163.0,96,,0,0,488
489,pt0984,984,0.0,41.6224624215475,2.57042797313833,122.0,108,,0,0,489
490,pt0986,986,0.0,41.6535116990736,2.65663192661912,89.0,115,,0,0,490
491,pt0988,988,0.0,41.6865291339488,2.75229368425328,12.0,100,,0,0,491
492,pt0990,990,0.0,41.7393486016622,2.6936049290822,42.0,115,,0,0,492
493,pt0992,992,0.0,41.7165053832589,2.70942050479845,27.0,115,,0,0,493
494,pt0994,994,0.0,41.798609762453,2.61468740923211,160.0,130,,0,0,494
495,pt0996,996,0.0,41.824171621126,2.63382671924797,228.0,130,,0,0,495
496,pt0998,998,0.0,41.8523915998188,2.66858121211366,128.0,130,,0,0,496
497,pt1000,1000,0.0,41.8668965477543,2.55939641677588,367.0,130,,0,0,497
498,pt1002,1002,0.0,41.7599807767811,2.59920094071215,108.0,115,,0,0,498
499,pt1004,1004,0.0,41.7285821067119,2.59503227950273,73.0,115,,0,0,499
500,pt1006,1006,0.0,41.7526078340788,2.55035311626327,200.0,108,,0,0,500
501,pt1008,1008,0.0,41.6755975270863,2.58838810584834,223.0,108,,0,0,501
502,pt1010,1010,0.0,41.768614607748,2.47076944009216,1078.0,129,,0,0,502
503,pt1012,1012,0.0,41.6922815034345,2.50803154069838,123.0,108,,0,0,503
504,pt1014,1014,0.0,41.6478179676411,2.50749827525461,233.0,108,,0,0,504
505,pt1016,1016,0.0,41.7771690581357,2.35365919845135,648.0,117,,0,0,505
506,pt1018,1018,0.0,41.7886068536414,2.41382182010506,814.0,129,,0,0,506
507,pt1020,1020,0.0,41.7599790197918,2.89609006319012,127.0,126,,0,0,507
508,pt1022,1022,0.0,41.7659565989149,2.9291698122574,340.0,126,,0,0,508
509,pt1024,1024,0.0,41.8188426691059,2.91959305448426,79.0,132,,0,0,509
510,pt1026,1026,0.0,41.8070980555848,3.02971206782891,17.0,124,,0,0,510
511,pt1028,1028,0.0,41.897222780133,3.15663913474066,34.0,159,,0,0,511
512,pt1030,1030,0.0,41.977089051552,3.03680026220935,29.0,153,,0,0,512
513,pt1032,1032,0.0,41.9411307312757,2.96760153508798,92.0,152,,0,0,513
514,pt1034,1034,0.0,41.927483282937,2.93534444177901,150.0,132,,0,0,514
515,pt1036,1036,0.0,42.0790098149296,2.8657340235781,62.0,174,,0,0,515
516,pt1038,1038,0.0,42.0410863994172,2.86318276333314,40.0,150,,0,0,516
517,pt1040,1040,0.0,42.0881139000831,2.82885186185117,88.0,174,,0,0,517
518,pt1042,1042,0.0,42.0716373355275,2.75606675642186,236.0,174,,0,0,518
519,pt1044,1044,0.0,42.0972423538829,2.8130266420773,100.0,174,,0,0,519
520,pt1046,1046,0.0,41.8710615576265,2.83730450613792,105.0,137,,0,0,520
521,pt1048,1048,0.0,41.8768359697139,2.77255520478887,113.0,136,,0,0,521
522,pt1050,1050,0.0,42.017614327066,2.7594646213314,145.0,144,,0,0,522
523,pt1052,1052,0.0,42.0387241344722,2.71866587657077,258.0,144,,0,0,523
524,pt1054,1054,0.0,42.0621059396287,2.61748505113026,290.0,156,,0,0,524
525,pt1056,1056,0.0,42.0958527918283,2.58146035197057,425.0,156,,0,0,525
526,pt1058,1058,0.0,42.0153416143242,2.72559792528566,152.0,144,,0,0,526
527,pt1060,1060,0.0,41.9708976720275,2.73192130187844,102.0,144,,0,0,527
528,pt1062,1062,0.0,41.962213233361,2.66188100916125,136.0,146,,0,0,528
529,pt1064,1064,0.0,41.9502171542388,2.5918809085571,255.0,156,,0,0,529
530,pt1066,1066,0.0,41.898772398896,2.48107228106291,857.0,129,,0,0,530
531,pt1068,1068,0.0,41.8961900465475,2.47591824052367,877.0,129,,0,0,531
532,pt1070,1070,0.0,41.9855619920445,2.60304686103792,169.0,156,,0,0,532
533,pt1072,1072,0.0,42.053365202938,2.55086961940361,328.0,155,,0,0,533
534,pt1074,1074,0.0,42.025538102106,2.46513664567374,840.0,149,,0,0,534
535,pt1076,1076,0.0,41.8975960957264,2.3760732028174,531.0,129,,0,0,535
536,pt1078,1078,0.0,41.826431757881,2.39512077934073,877.0,129,,0,0,536
537,pt1080,1080,0.0,42.029648540713,2.37302973592022,658.0,149,,0,0,537
538,pt1082,1082,0.0,41.9776288108248,2.30870404174913,425.0,143,,0,0,538
539,pt1084,1084,0.0,41.8708236466733,2.17427713341911,714.0,135,,0,0,539
540,pt1086,1086,0.0,42.0280860503429,2.1496139647186,722.0,161,,0,0,540
541,pt1088,1088,0.0,42.0446479093983,2.25710707577099,497.0,166,,0,0,541
542,pt1090,1090,0.0,42.0870969661492,2.3575439699171,765.0,177,,0,0,542
543,pt1092,1092,0.0,42.1112049822222,2.2738903759434,805.0,171,,0,0,543
544,pt1094,1094,0.0,42.1091589335786,2.14851659573264,673.0,171,,0,0,544
545,pt1096,1096,0.0,42.1628043366852,2.13797886308491,797.0,179,,0,0,545
546,pt1098,1098,0.0,42.1950076957777,2.25534862580735,784.0,189,,0,0,546
547,pt1100,1100,0.0,42.1978479583012,2.19201296607834,680.0,179,,0,0,547
548,pt1102,1102,0.0,42.2459920343263,2.0743768084001,916.0,179,,0,0,548
549,pt1104,1104,0.0,42.4276642223514,2.25672583370841,2244.0,213,,0,0,549
550,pt1106,1106,0.0,42.3819922935617,2.36512717818311,1410.0,209,,0,0,550
551,pt1108,1108,0.0,42.178442706407,3.07119535878528,9.0,184,,0,0,551
552,pt1110,1110,0.0,42.164711515843,2.92618656201721,43.0,191,,0,0,552
553,pt1112,1112,0.0,42.2031791858854,2.82766238304117,109.0,182,,0,0,553
554,pt1114,1114,0.0,42.1404560719771,2.58714789350221,433.0,186,,0,0,554
555,pt1116,1116,0.0,42.1963509911854,2.68964884533663,144.0,182,,0,0,555
556,pt1118,1118,0.0,42.2846016617522,2.66536575523048,494.0,182,,0,0,556
557,pt1120,1120,0.0,42.3081256314062,2.49886106177989,460.0,209,,0,0,557
558,pt1122,1122,0.0,42.3074330592724,2.49005928669577,472.0,209,,0,0,558
559,pt1124,1124,0.0,42.218786535824,2.55409672899081,243.0,186,,0,0,559
560,pt1126,1126,0.0,42.1885342139095,2.51035566369207,411.0,186,,0,0,560
561,pt1128,1128,0.0,42.190517936422,2.39971587432804,613.0,177,,0,0,561
562,pt1130,1130,0.0,42.0870008544422,2.466375999893,533.0,177,,0,0,562
563,pt1132,1132,0.0,42.3078974588187,2.94011129874254,40.0,202,,0,0,563
564,pt1134,1134,0.0,42.3386778653332,2.66769791489445,430.0,205,,0,0,564
565,pt1136,1136,0.0,42.3859936308612,2.70811663219362,463.0,205,,0,0,565
566,pt1138,1138,0.0,42.3735836764297,2.81968613597064,204.0,205,,0,0,566
567,pt1140,1140,0.0,42.389574901964,2.88359356081787,80.0,205,,0,0,567
568,pt1142,1142,0.0,42.3928369503124,2.83092082657093,234.0,205,,0,0,568
569,pt1144,1144,0.0,42.4112074556693,3.01235191625508,148.0,210,,0,0,569
570,pt1146,1146,0.0,42.3988768150558,3.05366529470012,121.0,210,,0,0,570
571,pt1148,1148,0.0,42.4420002209203,2.93744732906958,362.0,210,,0,0,571
572,pt1150,1150,0.0,42.2856311555632,3.11093510520573,0.0,192,,0,0,572
573,pt1152,1152,0.0,42.3490906020458,3.04782845428746,45.0,210,,0,0,573
574,pt1154,1154,0.0,42.3599401626057,3.0984121548292,91.0,217,,0,0,574
575,pt1156,1156,0.0,42.2977154484733,3.23372164836858,212.0,198,,0,0,575
576,pt1158,1158,0.0,41.7458190848782,2.66912986222267,60.0,115,,0,0,576
577,pt1160,1160,0.0,41.7425141179085,2.65692530587365,53.0,115,,0,0,577
578,pt1162,1162,0.0,41.7332596190329,2.624679461345,67.0,115,,0,0,578
579,pt1164,1164,0.0,42.2791392764797,3.04225751454942,12.0,201,,0,0,579
580,pt1166,1166,0.0,41.8446816107782,2.27254012910484,593.0,135,,0,0,580
581,pt1168,1168,0.0,42.0051918288516,2.93776637731115,106.0,152,,0,0,581
582,pt1170,1170,0.0,41.9505413945002,2.26345557272511,466.0,143,,0,0,582
583,pt1172,1172,0.0,41.8032561355448,2.34203787905485,1018.0,117,,0,0,583
584,pt1174,1174,0.0,41.658286119135,2.11870427250618,642.0,94,,0,0,584
585,pt1176,1176,0.0,41.7781684950498,2.44427497338672,1343.0,129,,0,0,585
586,pt1178,1178,0.0,41.8021604370026,2.41445988706117,1211.0,129,,0,0,586
587,pt1180,1180,0.0,41.7746625564942,2.46384386631723,1135.0,129,,0,0,587
588,pt1182,1182,0.0,41.802617332381,2.34466574392763,1074.0,117,,0,0,588
589,pt1184,1184,0.0,42.003741844964,3.16597679418438,2.0,159,,0,0,589
590,pt1186,1186,0.0,41.9975414857556,3.15581830764092,2.0,159,,0,0,590
591,pt1188,1188,0.0,42.0098096934817,3.17384234030137,1.0,159,,0,0,591
592,pt1190,1190,0.0,42.3838196350174,2.94033295919673,107.0,210,,0,0,592
593,pt1192,1192,0.0,42.336000760151,2.9251054552823,44.0,203,,0,0,593
594,pt1194,1194,0.0,41.7419086169387,2.67351472662402,48.0,115,,0,0,594
595,pt1196,1196,0.0,41.73953997,2.67714835,49.0,115,,0,0,595
596,pt1198,1198,0.0,41.8001884771125,2.70642151897201,80.0,115,,0,0,596
597,pt1200,1200,0.0,41.7991556933639,2.74394546336486,74.0,115,,0,0,597
598,pt1202,1202,0.0,41.7859407932749,2.76588829819534,80.0,115,,0,0,598
599,pt1204,1204,0.0,41.7746292444461,2.78776449363179,92.0,115,,0,0,599
600,pt1206,1206,0.0,41.7859848309772,2.78860060386625,86.0,115,,0,0,600
601,pt1208,1208,0.0,42.21348942,3.05256758,0.0,184,,0,0,601
602,pt1210,1210,0.0,42.187414528643,3.03862153571831,7.0,184,,0,0,602
603,pt1212,1212,0.0,42.2229201776544,2.97889207435069,32.0,191,,0,0,603
604,pt1214,1214,0.0,42.2104721981379,3.0053334489583,13.0,191,,0,0,604
605,pt1216,1216,0.0,42.2791927686626,2.87763458530441,138.0,203,,0,0,605
606,pt1218,1218,0.0,42.2769056278218,2.7465245407537,309.0,205,,0,0,606
607,pt1220,1220,0.0,42.2458081633317,1.97583517876305,853.0,190,,0,0,607
608,pt1222,1222,0.0,42.2595510135589,1.97737289392022,954.0,190,,0,0,608
609,pt1224,1224,0.0,42.2677794028154,1.81352976230609,922.0,197,,0,0,609
610,pt1226,1226,0.0,42.2713877133824,1.78353496429877,1024.0,197,,0,0,610
611,pt1228,1228,0.0,42.2681558462883,1.8504896493774,892.0,190,,0,0,611
612,pt1230,1230,0.0,42.072860623286,1.8689375521904,483.0,175,,0,0,612
613,pt1232,1232,0.0,42.0847214447314,1.87838076344061,498.0,175,,0,0,613
614,pt1234,1234,0.0,42.1056646254142,1.88064538361424,525.0,175,,0,0,614
615,pt1236,1236,0.0,42.0123170513621,1.65085460227446,561.0,145,,0,0,615
616,pt1238,1238,0.0,42.1361376785546,1.6728224195172,847.0,172,,0,0,616
617,pt1240,1240,0.0,42.0640969449501,1.66204139829384,706.0,172,,0,0,617
618,pt1242,1242,0.0,42.0075533541171,1.87623120587532,451.0,173,,0,0,618
619,pt1244,1244,0.0,42.1297801512736,1.94169827098289,665.0,169,,0,0,619
620,pt1246,1246,0.0,42.0295846813675,1.99597417759007,549.0,169,,0,0,620
621,pt1248,1248,0.0,42.0184928855269,1.85850432289411,484.0,173,,0,0,621
622,pt1250,1250,0.0,42.1405001292932,1.5998251225095,816.0,172,,0,0,622
623,pt1252,1252,0.0,42.114325239717,1.709276823216,884.0,173,,0,0,623
624,pt1254,1254,0.0,42.1408683693563,1.93887842081501,691.0,175,,0,0,624
625,pt1256,1256,0.0,42.0423264118103,1.88877423624527,477.0,175,,0,0,625
626,pt1258,1258,0.0,42.1433892510509,2.00120546329242,828.0,169,,0,0,626
627,pt1260,1260,0.0,42.2251687319183,1.74132406819368,1114.0,197,,0,0,627
628,pt1262,1262,0.0,42.0594983044863,1.84022458232227,569.0,173,,0,0,628
629,pt1264,1264,0.0,42.1078871283308,1.84109876241987,824.0,173,,0,0,629
630,pt1266,1266,0.0,42.1821249166541,1.58220664990152,1018.0,185,,0,0,630
631,pt1268,1268,0.0,42.0243643800618,2.07496827929392,578.0,161,,0,0,631
632,pt1270,1270,0.0,42.0502803981963,1.90003857365305,507.0,169,,0,0,632
633,pt1272,1272,0.0,42.0672170276835,1.89360451924534,524.0,175,,0,0,633
634,pt1274,1274,0.0,42.1549582111518,2.00541655930428,912.0,169,,0,0,634
635,pt1276,1276,0.0,41.76009668327,1.91112108564414,245.0,120,,0,0,635
636,pt1278,1278,0.0,41.7623194137243,2.01237697933334,430.0,121,,0,0,636
637,pt1280,1280,0.0,41.782960126617,1.90898731610337,243.0,120,,0,0,637
638,pt1282,1282,0.0,41.7875111985091,1.90628947058917,244.0,120,,0,0,638
639,pt1284,1284,0.0,41.7992363222431,1.90172150928103,249.0,120,,0,0,639
640,pt1286,1286,0.0,41.8591744856863,1.87970760166816,296.0,128,,0,0,640
641,pt1288,1288,0.0,41.9062490788064,1.87976008010124,320.0,128,,0,0,641
642,pt1290,1290,0.0,41.9402495330536,1.88004075251578,360.0,128,,0,0,642
643,pt1292,1292,0.0,41.9527037297761,1.88332597856911,372.0,128,,0,0,643
644,pt1294,1294,0.0,41.7522254309436,1.77854615700726,247.0,125,,0,0,644
645,pt1296,1296,0.0,41.8030631368126,1.76360073500255,257.0,125,,0,0,645
646,pt1298,1298,0.0,41.7876105121813,1.91677051738625,247.0,120,,0,0,646
647,pt1300,1300,0.0,41.9206504704813,1.69568050945688,399.0,142,,0,0,647
648,pt1302,1302,0.0,41.9357248255146,1.88537340353512,358.0,128,,0,0,648
649,pt1304,1304,0.0,41.9323195453139,1.87142417580169,381.0,128,,0,0,649
650,pt1306,1306,0.0,41.9406322663132,1.67075540775584,446.0,142,,0,0,650
651,pt1308,1308,0.0,41.9712717536932,1.66311000136635,493.0,142,,0,0,651
652,pt1310,1310,0.0,41.9710630993437,1.53871480907342,622.0,145,,0,0,652
653,pt1312,1312,0.0,41.9715387617697,2.09150241099227,527.0,161,,0,0,653
654,pt1314,1314,0.0,41.9993660750857,2.0560483877263,560.0,161,,0,0,654
655,pt1316,1316,0.0,41.9976133836152,1.51882632194498,657.0,145,,0,0,655
656,pt1318,1318,0.0,41.8743376945344,2.03777131944464,482.0,121,,0,0,656
657,pt1320,1320,0.0,41.7984893956569,1.96202023233853,313.0,121,,0,0,657
658,pt1322,1322,0.0,41.932592380033,2.04565160279975,452.0,161,,0,0,658
659,pt1324,1324,0.0,41.8442721343477,1.70597640655329,336.0,125,,0,0,659
660,pt1326,1326,0.0,41.8148480323904,2.03866233169625,441.0,121,,0,0,660
661,pt1328,1328,0.0,41.8108423736171,2.10950666063591,670.0,135,,0,0,661
662,pt1330,1330,0.0,41.7876887956655,1.8573670180846,311.0,128,,0,0,662
663,pt1332,1332,0.0,41.8327018630188,1.72369285840465,325.0,125,,0,0,663
664,pt1334,1334,0.0,41.8144434060823,2.0078897744651,384.0,121,,0,0,664
665,pt1336,1336,0.0,41.7811903391315,1.79721289354846,285.0,125,,0,0,665
666,pt1338,1338,0.0,41.8592271920388,1.69867867992161,357.0,142,,0,0,666
667,pt1340,1340,0.0,41.8964077740004,2.09869340269482,649.0,135,,0,0,667
668,pt1342,1342,0.0,41.8344946345622,1.89674789391929,281.0,128,,0,0,668
669,pt1344,1344,0.0,41.8991268667743,1.76602815652043,463.0,142,,0,0,669
670,pt1346,1346,0.0,41.8933361420485,1.89661077575303,339.0,128,,0,0,670
671,pt1348,1348,0.0,41.5465878071543,1.87380691945225,73.0,75,,0,0,671
672,pt1350,1350,0.0,41.5603756962723,1.87966098607968,81.0,89,,0,0,672
673,pt1352,1352,0.0,41.5862933201329,1.85570033824718,130.0,90,,0,0,673
674,pt1354,1354,0.0,41.5947830488909,1.85467943223069,114.0,90,,0,0,674
675,pt1356,1356,0.0,41.6392446845704,1.85476401131831,148.0,99,,0,0,675
676,pt1358,1358,0.0,41.6536784524223,1.85973882551414,158.0,99,,0,0,676
677,pt1360,1360,0.0,41.6943293387548,1.87123320351212,185.0,106,,0,0,677
678,pt1362,1362,0.0,41.5250060792284,1.87331125304052,111.0,75,,0,0,678
679,pt1364,1364,0.0,41.5243267462957,1.87071301492624,111.0,75,,0,0,679
680,pt1366,1366,0.0,41.6810126667305,1.84704673828226,164.0,106,,0,0,680
681,pt1368,1368,0.0,41.6960304776621,1.84503389958704,178.0,106,,0,0,681
682,pt1370,1370,0.0,41.7045126339898,1.84313920766297,185.0,106,,0,0,682
683,pt1372,1372,0.0,41.7336161417946,1.81206618017836,216.0,105,,0,0,683
684,pt1374,1374,0.0,41.7031332547611,1.83618264839768,193.0,106,,0,0,684
685,pt1376,1376,0.0,41.7016836502766,1.82225048693477,215.0,106,,0,0,685
686,pt1378,1378,0.0,41.7062595676913,1.82216696904704,211.0,106,,0,0,686
687,pt1380,1380,0.0,41.516632983641,1.69947616497998,227.0,73,,0,0,687
688,pt1382,1382,0.0,41.5413745035487,1.69027819749836,253.0,73,,0,0,688
689,pt1384,1384,0.0,41.5511301668088,1.68572947169012,253.0,88,,0,0,689
690,pt1386,1386,0.0,41.7313636884821,1.72395555939941,312.0,105,,0,0,690
691,pt1388,1388,0.0,41.5417076758395,1.66242400898898,286.0,88,,0,0,691
692,pt1390,1390,0.0,41.535682229289,1.65036605384714,299.0,88,,0,0,692
693,pt1392,1392,0.0,41.5334327146674,1.6260494448728,314.0,88,,0,0,693
694,pt1394,1394,0.0,41.7433920107169,1.87386607645317,235.0,120,,0,0,694
695,pt1396,1396,0.0,41.7596055865196,1.86048492964228,259.0,120,,0,0,695
696,pt1398,1398,0.0,41.556249817793,1.6760510306322,261.0,88,,0,0,696
697,pt1400,1400,0.0,41.5634001770845,1.67242296293242,269.0,88,,0,0,697
698,pt1402,1402,0.0,41.5664050252073,1.64972677599509,281.0,88,,0,0,698
699,pt1404,1404,0.0,41.580266236156,1.60590058027551,304.0,88,,0,0,699
700,pt1406,1406,0.0,41.5874866062542,1.55523629012186,337.0,88,,0,0,700
701,pt1408,1408,0.0,41.59907623052,1.54104180937167,357.0,88,,0,0,701
702,pt1410,1410,0.0,41.613311995441,1.52939554415174,380.0,88,,0,0,702
703,pt1412,1412,0.0,41.688654176467,1.82684927798108,185.0,106,,0,0,703
704,pt1414,1414,0.0,41.5368998675291,1.95577175659126,180.0,75,,0,0,704
705,pt1416,1416,0.0,41.5806213651031,1.63549855655624,302.0,88,,0,0,705
706,pt1418,1418,0.0,41.6861656052044,1.77630786777665,274.0,105,,0,0,706
707,pt1420,1420,0.0,41.704186353587,1.8762953793053,203.0,106,,0,0,707
708,pt1422,1422,0.0,41.5500614299307,1.96513388348102,205.0,75,,0,0,708
709,pt1424,1424,0.0,41.6866792632422,1.76321529943708,278.0,105,,0,0,709
710,pt1426,1426,0.0,41.5625373856139,1.97102850334256,251.0,89,,0,0,710
711,pt1428,1428,0.0,41.609424054477,1.63837626173601,347.0,88,,0,0,711
712,pt1430,1430,0.0,41.6415225965233,1.88697225309474,230.0,99,,0,0,712
713,pt1432,1432,0.0,41.5528658502095,1.78404786359421,304.0,81,,0,0,713
714,pt1434,1434,0.0,41.6728387052053,1.75301629581834,306.0,105,,0,0,714
715,pt1436,1436,0.0,41.6463133361711,1.84243576987168,183.0,99,,0,0,715
716,pt1438,1438,0.0,41.6536432711201,1.73159309916377,363.0,105,,0,0,716
717,pt1440,1440,0.0,41.5731799105457,1.9194903091982,282.0,89,,0,0,717
718,pt1442,1442,0.0,41.5788099618426,1.76440509296338,387.0,81,,0,0,718
719,pt1444,1444,0.0,41.5320204324704,1.79139922662724,273.0,81,,0,0,719
720,pt1446,1446,0.0,41.5301393095786,1.40198203403622,637.0,80,,0,0,720
721,pt1448,1448,0.0,41.5821067681612,1.44124253720549,611.0,92,,0,0,721
722,pt1450,1450,0.0,41.5985939362433,1.70330823939373,389.0,88,,0,0,722
723,pt1452,1452,0.0,41.6390251847005,1.89921693473415,278.0,97,,0,0,723
724,pt1454,1454,0.0,41.6390750701332,1.99444034911099,624.0,110,,0,0,724
725,pt1456,1456,0.0,41.3133301788234,2.11804575296987,0.0,55,,0,0,725
726,pt1458,1458,0.0,41.3270134346594,2.11178955108174,0.0,55,,0,0,726
727,pt1460,1460,0.0,41.4436613210492,1.98507393246174,27.0,65,,0,0,727
728,pt1462,1462,0.0,41.4677115185538,1.96905234408853,31.0,71,,0,0,728
729,pt1464,1464,0.0,41.4791622292816,1.93409462520656,45.0,75,,0,0,729
730,pt1466,1466,0.0,41.4947550843164,1.92340363663409,51.0,75,,0,0,730
731,pt1468,1468,0.0,41.5025592780705,1.91892577911281,54.0,75,,0,0,731
732,pt1470,1470,0.0,41.511041619111,1.91704499106719,63.0,75,,0,0,732
733,pt1472,1472,0.0,41.4778062701781,1.92890051937134,51.0,75,,0,0,733
734,pt1474,1474,0.0,41.4684905674186,1.91166862339089,59.0,75,,0,0,734
735,pt1476,1476,0.0,41.460421191363,1.88833640013235,61.0,75,,0,0,735
736,pt1478,1478,0.0,41.4503944901211,1.86591310281255,78.0,62,,0,0,736
737,pt1480,1480,0.0,41.4443729377907,1.85211495614298,83.0,62,,0,0,737
738,pt1482,1482,0.0,41.4304168806101,1.82977332191514,96.0,62,,0,0,738
739,pt1484,1484,0.0,41.4327185173529,1.7993246457814,116.0,62,,0,0,739
740,pt1486,1486,0.0,41.4437225720834,1.78869466939931,127.0,64,,0,0,740
741,pt1488,1488,0.0,41.4430322021397,1.78523183961265,129.0,64,,0,0,741
742,pt1490,1490,0.0,41.4507847790035,1.77639699986734,132.0,64,,0,0,742
743,pt1492,1492,0.0,41.4598254369108,1.76579736495248,143.0,64,,0,0,743
744,pt1494,1494,0.0,41.4946606832063,1.72252555159961,173.0,73,,0,0,744
745,pt1496,1496,0.0,41.3101841924467,1.35499841981573,240.0,45,,0,0,745
746,pt1498,1498,0.0,41.4489829916151,1.99541904507807,41.0,65,,0,0,746
747,pt1500,1500,0.0,41.5022588718066,2.03199386910807,136.0,71,,0,0,747
748,pt1502,1502,0.0,41.5075036613754,2.0336553210187,144.0,71,,0,0,748
749,pt1504,1504,0.0,41.5216792575191,1.80290129336039,238.0,81,,0,0,749
750,pt1506,1506,0.0,41.3193258645873,1.18045220333833,227.0,52,,0,0,750
751,pt1508,1508,0.0,41.2982800468758,1.64573564041249,133.0,39,,0,0,751
752,pt1510,1510,0.0,41.2918154593284,1.5973229874098,156.0,39,,0,0,752
753,pt1512,1512,0.0,41.4423601168841,1.78350655841971,133.0,64,,0,0,753
754,pt1514,1514,0.0,41.4419020583864,1.74093894333428,182.0,64,,0,0,754
755,pt1516,1516,0.0,41.3135280712839,1.66363101956613,160.0,39,,0,0,755
756,pt1518,1518,0.0,41.4438155666181,1.73655731980769,188.0,64,,0,0,756
757,pt1520,1520,0.0,41.3880473114858,1.14381080886409,352.0,52,,0,0,757
758,pt1522,1522,0.0,41.4582861277862,1.6858676338466,269.0,67,,0,0,758
759,pt1524,1524,0.0,41.4236835881109,1.81078369588244,113.0,62,,0,0,759
760,pt1526,1526,0.0,41.392213156861,1.11851429477912,378.0,59,,0,0,760
761,pt1528,1528,0.0,41.3104700287768,1.8015706241928,141.0,41,,0,0,761
762,pt1530,1530,0.0,41.3306448400096,1.67369023197371,173.0,54,,0,0,762
763,pt1532,1532,0.0,41.3997414860368,1.09919439775002,410.0,59,,0,0,763
764,pt1534,1534,0.0,41.340530226742,1.68043004326401,182.0,53,,0,0,764
765,pt1536,1536,0.0,41.4039753618502,1.19980119466786,351.0,52,,0,0,765
766,pt1538,1538,0.0,41.4180894271874,1.77614235590865,142.0,62,,0,0,766
767,pt1540,1540,0.0,41.3490085211796,1.67852351732491,190.0,53,,0,0,767
768,pt1542,1542,0.0,41.2705179173064,1.23727053620994,164.0,38,,0,0,768
769,pt1544,1544,0.0,41.3401741970388,1.82878775180967,250.0,41,,0,0,769
770,pt1546,1546,0.0,41.2894614007213,1.73260520343238,104.0,41,,0,0,770
771,pt1548,1548,0.0,41.399048038839,1.76868471810736,159.0,62,,0,0,771
772,pt1550,1550,0.0,41.2847144322714,2.05515303980893,2.0,44,,0,0,772
773,pt1552,1552,0.0,41.3998816370462,1.98836046467838,41.0,65,,0,0,773
774,pt1554,1554,0.0,41.3933787690305,1.61511119046546,289.0,54,,0,0,774
775,pt1556,1556,0.0,41.3462331884839,1.84603178510837,256.0,41,,0,0,775
776,pt1558,1558,0.0,41.336590989849,1.86268457154809,297.0,43,,0,0,776
777,pt1560,1560,0.0,41.4133473904498,1.95862157911315,112.0,56,,0,0,777
778,pt1562,1562,0.0,41.4963851369936,1.59030864950969,486.0,70,,0,0,778
779,pt1564,1564,0.0,41.4823906270665,1.92969447337829,53.0,75,,0,0,779
780,pt1566,1566,0.0,41.4067605940045,1.12851532984747,370.0,59,,0,0,780
781,pt1568,1568,0.0,41.4114264673765,1.70505091687393,219.0,53,,0,0,781
782,pt1570,1570,0.0,41.3375407584377,1.89303114144849,344.0,43,,0,0,782
783,pt1572,1572,0.0,41.4276552139349,2.02441568113013,51.0,65,,0,0,783
784,pt1574,1574,0.0,41.382624890444,2.03463839011294,17.0,49,,0,0,784
785,pt1576,1576,0.0,41.4860009370699,1.89659419085113,89.0,75,,0,0,785
786,pt1578,1578,0.0,41.2856232536089,1.57231797016697,158.0,39,,0,0,786
787,pt1580,1580,0.0,41.2969142548194,1.504734368851,233.0,40,,0,0,787
788,pt1582,1582,0.0,41.4223487101077,1.63186845050587,348.0,61,,0,0,788
789,pt1584,1584,0.0,41.4697026453942,1.83515196748703,129.0,64,,0,0,789
790,pt1586,1586,0.0,41.3324679850548,1.90959859016784,359.0,43,,0,0,790
791,pt1588,1588,0.0,41.3566942260002,1.98469064990421,123.0,56,,0,0,791
792,pt1590,1590,0.0,41.4138607769657,1.52695576018307,549.0,70,,0,0,792
793,pt1592,1592,0.0,41.3581187183511,1.40263385837572,419.0,45,,0,0,793
794,pt1594,1594,0.0,41.3796044786906,1.91575617398361,241.0,56,,0,0,794
795,pt1596,1596,0.0,41.3017447634617,1.56911956297339,195.0,48,,0,0,795
796,pt1598,1598,0.0,41.3201126054435,1.42728560661941,382.0,48,,0,0,796
797,pt1600,1600,0.0,41.3294828593686,1.52281568011938,393.0,48,,0,0,797
798,pt1602,1602,0.0,41.3864390458766,1.834034954599,354.0,62,,0,0,798
799,pt1604,1604,0.0,41.3952268776756,2.05615918517366,73.0,49,,0,0,799
800,pt1606,1606,0.0,41.4051488346005,1.9162000142227,247.0,56,,0,0,800
801,pt1608,1608,0.0,41.4226521261021,1.58724832307197,449.0,61,,0,0,801
802,pt1610,1610,0.0,41.4039281435499,1.32658454285176,478.0,45,,0,0,802
803,pt1612,1612,0.0,41.4288967422389,1.55135498285747,506.0,70,,0,0,803
804,pt1614,1614,0.0,41.4760578984888,1.53337223962194,588.0,70,,0,0,804
805,pt1616,1616,0.0,41.4858505791191,1.81573395649704,170.0,81,,0,0,805
806,pt1618,1618,0.0,41.2340782712793,1.33698751050463,147.0,33,,0,0,806
807,pt1620,1620,0.0,41.2592142842159,1.3571447782321,195.0,33,,0,0,807
808,pt1622,1622,0.0,41.2617128183233,1.39520763261213,257.0,45,,0,0,808
809,pt1624,1624,0.0,41.1377336128898,1.23391252845722,20.0,18,,0,0,809
810,pt1626,1626,0.0,41.1488844607766,1.23620822609926,28.0,18,,0,0,810
811,pt1628,1628,0.0,41.1580082576809,1.23423336556089,36.0,18,,0,0,811
812,pt1630,1630,0.0,41.1959164581655,1.23321471894203,70.0,25,,0,0,812
813,pt1632,1632,0.0,41.2210854776668,1.21175470106992,113.0,25,,0,0,813
814,pt1634,1634,0.0,41.235716266501,1.66348499914184,31.0,39,,0,0,814
815,pt1636,1636,0.0,41.2545749074504,1.54700222187858,89.0,31,,0,0,815
816,pt1638,1638,0.0,41.2645217459026,1.55804666087553,113.0,31,,0,0,816
817,pt1640,1640,0.0,41.2654514816996,1.63428254598874,104.0,39,,0,0,817
818,pt1642,1642,0.0,41.2333430919672,1.24346646075454,121.0,38,,0,0,818
819,pt1644,1644,0.0,41.2824598991934,1.75007631974231,82.0,41,,0,0,819
820,pt1646,1646,0.0,41.2737491355178,1.56391018586794,127.0,31,,0,0,820
821,pt1648,1648,0.0,41.1238715415446,1.06308229820626,86.0,22,,0,0,821
822,pt1650,1650,0.0,41.1031441789799,1.19594229540932,8.0,18,,0,0,822
823,pt1652,1652,0.0,41.1987028853172,1.244393188016,97.0,38,,0,0,823
824,pt1654,1654,0.0,41.1230646735733,1.17378048184686,34.0,18,,0,0,824
825,pt1656,1656,0.0,41.1341342662177,1.17087904420642,49.0,25,,0,0,825
826,pt1658,1658,0.0,41.2139065259073,1.25524268386424,124.0,38,,0,0,826
827,pt1660,1660,0.0,41.1324262636138,1.14584817411359,61.0,25,,0,0,827
828,pt1662,1662,0.0,41.218125951208,1.14862460681333,208.0,25,,0,0,828
829,pt1664,1664,0.0,41.1458848106497,1.16968749824884,66.0,25,,0,0,829
830,pt1666,1666,0.0,41.1389061580148,1.14220622232525,68.0,25,,0,0,830
831,pt1668,1668,0.0,41.1856347249783,1.00414226490929,269.0,22,,0,0,831
832,pt1670,1670,0.0,41.226468734473,1.26443486437077,147.0,38,,0,0,832
833,pt1672,1672,0.0,41.1515474807937,0.999121737856068,220.0,22,,0,0,833
834,pt1674,1674,0.0,41.1569404534113,1.16591951970666,82.0,25,,0,0,834
835,pt1676,1676,0.0,41.2030685565416,0.99149280748048,317.0,22,,0,0,835
836,pt1678,1678,0.0,41.1426072447683,0.937121480521651,241.0,21,,0,0,836
837,pt1680,1680,0.0,41.1958248783876,1.35959673089469,74.0,33,,0,0,837
838,pt1682,1682,0.0,41.1124568849017,1.00722551660459,112.0,22,,0,0,838
839,pt1684,1684,0.0,41.1487145186335,1.10214013813153,110.0,25,,0,0,839
840,pt1686,1686,0.0,41.1632715029981,0.987305276938867,259.0,21,,0,0,840
841,pt1688,1688,0.0,41.2094565105951,0.969108080127774,372.0,37,,0,0,841
842,pt1690,1690,0.0,41.2192825606146,1.30878694247369,139.0,33,,0,0,842
843,pt1692,1692,0.0,41.2575844638559,1.58787499161662,116.0,39,,0,0,843
844,pt1694,1694,0.0,41.4543656902628,1.20097964554237,480.0,63,,0,0,844
845,pt1696,1696,0.0,41.4312417237519,1.09809661656201,432.0,59,,0,0,845
846,pt1698,1698,0.0,41.2290426983804,1.09635413206856,358.0,25,,0,0,846
847,pt1700,1700,0.0,41.2414930106852,1.28482647880061,193.0,38,,0,0,847
848,pt1702,1702,0.0,40.8895018062974,0.725305045216176,107.0,9,,0,0,848
849,pt1704,1704,0.0,40.9974064411862,0.753527614824865,361.0,11,,0,0,849
850,pt1706,1706,0.0,40.9839091928266,0.791075382403863,337.0,11,,0,0,850
851,pt1708,1708,0.0,41.1338435099341,0.959015503141297,210.0,21,,0,0,851
852,pt1710,1710,0.0,41.138234609869,0.912178478737636,299.0,21,,0,0,852
853,pt1712,1712,0.0,41.1981397294496,1.04704360499069,235.0,22,,0,0,853
854,pt1714,1714,0.0,41.1485143939249,1.09003622853679,118.0,22,,0,0,854
855,pt1716,1716,0.0,41.1293351408354,1.11653449538815,71.0,25,,0,0,855
856,pt1718,1718,0.0,41.1183247564711,1.16353688627498,36.0,18,,0,0,856
857,pt1720,1720,0.0,41.1290777188879,1.02315211501417,130.0,22,,0,0,857
858,pt1722,1722,0.0,41.1604315583779,1.02134479256606,200.0,22,,0,0,858
859,pt1724,1724,0.0,41.1628949173482,1.1191710303989,128.0,25,,0,0,859
860,pt1726,1726,0.0,41.169786163076,1.23478235211629,47.0,25,,0,0,860
861,pt1728,1728,0.0,41.1815375174787,1.23360133112856,57.0,25,,0,0,861
862,pt1730,1730,0.0,41.215627385127,1.19718363164469,127.0,25,,0,0,862
863,pt1732,1732,0.0,41.210948945357,1.23281023392665,81.0,25,,0,0,863
864,pt1734,1734,0.0,41.2608290149941,1.16128215026121,238.0,25,,0,0,864
865,pt1736,1736,0.0,41.3927664223641,1.27911859420431,478.0,52,,0,0,865
866,pt1738,1738,0.0,41.2784800454127,1.2448565831109,181.0,38,,0,0,866
867,pt1740,1740,0.0,41.3398649551673,1.28311485970848,319.0,45,,0,0,867
868,pt1742,1742,0.0,41.3053927472103,1.12708239384033,469.0,52,,0,0,868
869,pt1744,1744,0.0,41.3336903239136,1.17918497984856,247.0,52,,0,0,869
870,pt1746,1746,0.0,41.3774506487795,1.17622863908186,313.0,52,,0,0,870
871,pt1748,1748,0.0,41.4258131082188,1.21657113324609,387.0,63,,0,0,871
872,pt1750,1750,0.0,41.4773635259251,1.27862078059158,538.0,82,,0,0,872
873,pt1752,1752,0.0,41.420164220128,1.18979965603617,385.0,63,,0,0,873
874,pt1754,1754,0.0,41.388314731328,1.08042803410665,453.0,59,,0,0,874
875,pt1756,1756,0.0,41.3978993734399,1.06712354564292,469.0,59,,0,0,875
876,pt1758,1758,0.0,41.3941914292996,1.04118483454214,488.0,59,,0,0,876
877,pt1760,1760,0.0,41.1912494642681,1.3597109747939,67.0,33,,0,0,877
878,pt1762,1762,0.0,41.2191448246953,1.34429332877026,102.0,33,,0,0,878
879,pt1764,1764,0.0,41.2650845136156,1.35613108501035,197.0,33,,0,0,879
880,pt1766,1766,0.0,41.3021045708301,1.38468030485858,264.0,45,,0,0,880
881,pt1768,1768,0.0,41.3429391935293,1.35937954975561,285.0,45,,0,0,881
882,pt1770,1770,0.0,41.4761005995945,1.38992943882981,547.0,80,,0,0,882
883,pt1772,1772,0.0,41.2417616555913,1.56807574063081,83.0,31,,0,0,883
884,pt1774,1774,0.0,41.2706635966482,1.52671333828348,132.0,31,,0,0,884
885,pt1776,1776,0.0,41.2642363099041,1.64210668695008,104.0,39,,0,0,885
886,pt1778,1778,0.0,41.2785768960813,1.63834254833038,114.0,39,,0,0,886
887,pt1780,1780,0.0,41.2725494362838,1.62633479485527,117.0,39,,0,0,887
888,pt1782,1782,0.0,41.3907371444111,1.45880469839171,597.0,48,,0,0,888
889,pt1784,1784,0.0,41.3260388736335,1.67118158580157,173.0,54,,0,0,889
890,pt1786,1786,0.0,41.3921030554066,1.67330984770397,248.0,54,,0,0,890
891,pt1788,1788,0.0,41.2590843597619,1.76525218422201,35.0,41,,0,0,891
892,pt1790,1790,0.0,41.2968056314125,1.87291277115416,246.0,43,,0,0,892
893,pt1792,1792,0.0,41.3161875534801,1.72514973757007,160.0,53,,0,0,893
894,pt1794,1794,0.0,41.3402594300175,1.71426978766957,200.0,53,,0,0,894
895,pt1796,1796,0.0,41.2984841983696,1.78098219085033,106.0,41,,0,0,895
896,pt1798,1798,0.0,41.3129397069718,1.78765039193701,124.0,41,,0,0,896
897,pt1800,1800,0.0,41.3487219964682,2.04641912258772,6.0,49,,0,0,897
898,pt1802,1802,0.0,41.3565746668209,2.04717228641469,10.0,49,,0,0,898
899,pt1804,1804,0.0,41.3874945063358,2.07016202564233,77.0,55,,0,0,899
900,pt1806,1806,0.0,41.4066306041887,2.01257209941325,16.0,65,,0,0,900
901,pt1808,1808,0.0,41.4359000023557,1.99475198567698,25.0,65,,0,0,901
902,pt1810,1810,0.0,41.3978743967446,1.98318165549755,52.0,65,,0,0,902
903,pt1812,1812,0.0,41.472902570511,1.96462347578103,35.0,71,,0,0,903
904,pt1814,1814,0.0,41.4614726517852,2.00304884415797,53.0,65,,0,0,904
905,pt1816,1816,0.0,41.4687912444818,2.01771430910595,87.0,65,,0,0,905
906,pt1818,1818,0.0,41.4917618687177,2.02780227910684,122.0,65,,0,0,906
907,pt1820,1820,0.0,41.5930658694894,2.0227998795125,398.0,84,,0,0,907
908,pt1822,1822,0.0,41.4263522706016,1.81594717249023,102.0,62,,0,0,908
909,pt1824,1824,0.0,41.3926533337857,1.72192022165203,192.0,53,,0,0,909
910,pt1826,1826,0.0,41.4586895723426,1.6641314413179,309.0,67,,0,0,910
911,pt1828,1828,0.0,41.4744141300442,1.6116487634966,426.0,61,,0,0,911
912,pt1830,1830,0.0,41.4830189807191,1.73405709986424,167.0,73,,0,0,912
913,pt1832,1832,0.0,41.5120866016845,1.70217669140874,203.0,73,,0,0,913
914,pt1834,1834,0.0,41.5503866939762,1.67791138285307,263.0,88,,0,0,914
915,pt1836,1836,0.0,41.5202803422817,1.56630169207979,421.0,70,,0,0,915
916,pt1838,1838,0.0,41.5877065510713,1.68237527359607,322.0,88,,0,0,916
917,pt1840,1840,0.0,41.5688553069102,1.63574620773305,286.0,88,,0,0,917
918,pt1842,1842,0.0,41.6358002309091,1.65521811668263,430.0,88,,0,0,918
919,pt1844,1844,0.0,41.5870504793489,1.57266276048639,322.0,88,,0,0,919
920,pt1846,1846,0.0,41.5971925064688,1.54718105131203,353.0,88,,0,0,920
921,pt1848,1848,0.0,41.5893759659469,1.49858781494635,455.0,92,,0,0,921
922,pt1850,1850,0.0,41.5566094716934,1.49285120061638,494.0,70,,0,0,922
923,pt1852,1852,0.0,41.717227846849,1.52615593119981,630.0,122,,0,0,923
924,pt1854,1854,0.0,41.4843841914573,1.93313956657728,44.0,75,,0,0,924
925,pt1856,1856,0.0,41.5125437870604,1.93789640434768,94.0,75,,0,0,925
926,pt1858,1858,0.0,41.5405985292945,1.93134584928439,161.0,75,,0,0,926
927,pt1860,1860,0.0,41.5806550105467,1.98380243875119,323.0,89,,0,0,927
928,pt1862,1862,0.0,41.5686922656524,1.79681011239771,399.0,81,,0,0,928
929,pt1864,1864,0.0,41.5087219741389,1.81444739958521,199.0,81,,0,0,929
930,pt1866,1866,0.0,41.6129913538614,1.84477418020806,125.0,90,,0,0,930
931,pt1868,1868,0.0,41.6464789132336,1.85899414228586,164.0,99,,0,0,931
932,pt1870,1870,0.0,41.7148556741176,1.83160831629267,193.0,106,,0,0,932
933,pt1872,1872,0.0,41.727056683926,1.7484773483355,313.0,105,,0,0,933
934,pt1874,1874,0.0,41.6940549895404,1.60780722342187,570.0,88,,0,0,934
935,pt1876,1876,0.0,41.7686600989146,1.7869674096541,236.0,125,,0,0,935
936,pt1878,1878,0.0,41.7600836447013,1.66226409073918,506.0,125,,0,0,936
937,pt1880,1880,0.0,41.7965920096531,1.76984088311518,254.0,125,,0,0,937
938,pt1882,1882,0.0,41.8076106292052,1.76089180626957,259.0,125,,0,0,938
939,pt1884,1884,0.0,41.8232421270928,1.75534618914298,274.0,125,,0,0,939
940,pt1886,1886,0.0,41.8322602630557,1.74293319711676,299.0,125,,0,0,940
941,pt1888,1888,0.0,41.8443996172945,1.71734008217481,313.0,125,,0,0,941
942,pt1890,1890,0.0,41.8721900958983,1.57768787836823,646.0,145,,0,0,942
943,pt1892,1892,0.0,41.8568093860028,1.71621761238035,325.0,125,,0,0,943
944,pt1894,1894,0.0,41.9180656792916,1.69835914685156,402.0,142,,0,0,944
945,pt1896,1896,0.0,41.9353844626178,1.72690077140763,444.0,142,,0,0,945
946,pt1898,1898,0.0,41.9197360685194,1.67293993776922,410.0,142,,0,0,946
947,pt1900,1900,0.0,41.9324505656047,1.64203294654026,449.0,142,,0,0,947
948,pt1902,1902,0.0,41.9434528298122,1.57875084892751,530.0,145,,0,0,948
949,pt1904,1904,0.0,41.9535159575623,1.54699806241651,585.0,145,,0,0,949
950,pt1906,1906,0.0,41.9784804848459,1.60951367350638,539.0,145,,0,0,950
951,pt1908,1908,0.0,42.1666009174024,1.59573461114539,916.0,172,,0,0,951
952,pt1910,1910,0.0,42.1812307497839,1.56288974570473,1524.0,185,,0,0,952
953,pt1912,1912,0.0,42.2154270034726,1.6887518326492,1246.0,200,,0,0,953
954,pt1914,1914,0.0,41.7204607090001,1.86903067457443,191.0,106,,0,0,954
955,pt1916,1916,0.0,41.6668829215875,1.92822451429353,399.0,97,,0,0,955
956,pt1918,1918,0.0,41.737720382852,1.89578726634399,229.0,120,,0,0,956
957,pt1920,1920,0.0,41.8135012712046,1.95915613135713,280.0,121,,0,0,957
958,pt1922,1922,0.0,41.8514779665058,2.0625981801658,575.0,135,,0,0,958
959,pt1924,1924,0.0,41.8371140650968,1.9675159402975,303.0,121,,0,0,959
960,pt1926,1926,0.0,41.8502276613295,1.97167714830975,315.0,121,,0,0,960
961,pt1928,1928,0.0,41.8784155213538,1.9799733270729,365.0,121,,0,0,961
962,pt1930,1930,0.0,41.9547310789773,2.03481124280923,500.0,161,,0,0,962
963,pt1932,1932,0.0,42.0826886112759,2.06563058058673,687.0,161,,0,0,963
964,pt1934,1934,0.0,41.9750170540447,2.02223928095719,559.0,161,,0,0,964
965,pt1936,1936,0.0,41.8291976260694,1.8898458498773,271.0,128,,0,0,965
966,pt1938,1938,0.0,41.8870678886242,1.85734751232068,364.0,128,,0,0,966
967,pt1940,1940,0.0,41.8932602116709,1.88873708913272,315.0,128,,0,0,967
968,pt1942,1942,0.0,41.9219888099969,1.88473712973181,339.0,128,,0,0,968
969,pt1944,1944,0.0,41.9839088360194,1.82494906324855,521.0,173,,0,0,969
970,pt1946,1946,0.0,42.0223401029329,1.98995077647991,543.0,169,,0,0,970
971,pt1948,1948,0.0,42.1641151294819,2.05536057713207,865.0,169,,0,0,971
972,pt1950,1950,0.0,41.9945821755486,1.88697607429252,414.0,169,,0,0,972
973,pt1952,1952,0.0,42.0024263792617,1.88683936012945,427.0,169,,0,0,973
974,pt1954,1954,0.0,42.0194306165023,1.88741953857507,436.0,169,,0,0,974
975,pt1956,1956,0.0,42.0163391567703,1.90588381836424,474.0,169,,0,0,975
976,pt1958,1958,0.0,42.0590354483528,1.80795133062941,647.0,173,,0,0,976
977,pt1960,1960,0.0,42.0376654281112,1.88008567056482,450.0,175,,0,0,977
978,pt1962,1962,0.0,42.1213355339752,1.87861331270483,602.0,175,,0,0,978
979,pt1964,1964,0.0,42.1532055694235,1.79775484553291,1400.0,173,,0,0,979
980,pt1966,1966,0.0,42.1685289300853,1.96214343196167,845.0,169,,0,0,980
981,pt1968,1968,0.0,42.2140864872072,1.8699384864641,697.0,187,,0,0,981
982,pt1970,1970,0.0,42.2147314757802,1.86904756258486,704.0,187,,0,0,982
983,pt1972,1972,0.0,42.2317819696604,1.74822991705169,1012.0,197,,0,0,983
984,pt1974,1974,0.0,42.2570085519134,1.84717210285214,805.0,190,,0,0,984
985,pt1976,1976,0.0,42.2345898540736,1.89420434005251,744.0,190,,0,0,985
986,pt1978,1978,0.0,42.2444929554308,1.97497661265951,846.0,190,,0,0,986
987,pt1980,1980,0.0,42.2482358858409,2.02946938746375,1013.0,190,,0,0,987
988,pt1982,1982,0.0,42.2622360551762,1.98525028716697,977.0,190,,0,0,988
989,pt1984,1984,0.0,41.019448799731,0.826797928649118,267.0,17,,0,0,989
990,pt1986,1986,0.0,41.1680338021298,1.04534245617005,168.0,22,,0,0,990
991,pt1988,1988,0.0,41.1019704848647,1.12250298759844,35.0,15,,0,0,991
992,pt1990,1990,0.0,41.3709426731182,1.17814631876483,305.0,52,,0,0,992
993,pt1992,1992,0.0,41.1669663327829,1.35339496663431,25.0,23,,0,0,993
994,pt1994,1994,0.0,41.2210394341187,1.53215758953919,47.0,31,,0,0,994
995,pt1996,1996,0.0,41.2742725481429,1.50236564408369,149.0,40,,0,0,995
996,pt1998,1998,0.0,41.3803883985993,1.62233146500032,269.0,54,,0,0,996
997,pt2000,2000,0.0,41.3455495499013,1.66210878812902,204.0,54,,0,0,997
998,pt2002,2002,0.0,41.30092297773,2.03844540844361,3.0,44,,0,0,998
999,pt2004,2004,0.0,41.3313560169127,2.00330041415624,45.0,49,,0,0,999
1000,pt2006,2006,0.0,41.3919294038092,2.05273390140891,59.0,49,,0,0,1000
1001,pt2008,2008,0.0,41.6712854345506,1.85506820361049,159.0,106,,0,0,1001
1002,pt2010,2010,0.0,41.6892987093198,1.64751894334122,538.0,88,,0,0,1002
1003,pt2012,2012,0.0,41.7480837899246,1.58830707075037,538.0,122,,0,0,1003
1004,pt2014,2014,0.0,42.111096066079,1.74659339880092,1044.0,173,,0,0,1004
1005,pt2016,2016,0.0,41.7708629156948,2.01748595462797,445.0,121,,0,0,1005
1006,pt2018,2018,0.0,41.9194284197908,2.09942111053309,544.0,135,,0,0,1006
1007,pt2020,2020,0.0,41.8621190382213,1.98547985832008,328.0,121,,0,0,1007
1008,pt2022,2022,0.0,41.2650628358281,1.22268638344142,133.0,38,,0,0,1008
1009,pt2024,2024,0.0,41.3989427747451,1.05146160708603,460.0,59,,0,0,1009
1010,pt2026,2026,0.0,41.0718193365357,1.00154186717654,37.0,15,,0,0,1010
1011,pt2028,2028,0.0,41.0628493804085,1.01217969257839,18.0,15,,0,0,1011
1012,pt2030,2030,0.0,41.3608711139448,1.80672109457315,254.0,62,,0,0,1012
1013,pt2032,2032,0.0,41.3995334518099,1.75304549711749,162.0,53,,0,0,1013
1014,pt2034,2034,0.0,41.3955545600336,1.74791185644949,163.0,53,,0,0,1014
1015,pt2036,2036,0.0,41.8651342791291,1.88747509139327,301.0,128,,0,0,1015
1016,pt2038,2038,0.0,42.1067987832304,1.5707178182157,830.0,172,,0,0,1016
1017,pt2040,2040,0.0,41.7703367576403,2.11356044819344,622.0,110,,0,0,1017
1018,pt2042,2042,0.0,42.2424211805668,1.7647359007925,936.0,197,,0,0,1018
1019,pt2044,2044,0.0,42.1682610243958,1.86372432884754,646.0,187,,0,0,1019
1020,pt2046,2046,0.0,41.1897543327358,1.54521824390317,6.0,31,,0,0,1020
1021,pt2048,2048,0.0,41.519331190396,1.43844363303468,630.0,80,,0,0,1021
1022,pt2050,2050,0.0,41.5200258186556,1.39841013423921,612.0,80,,0,0,1022
1023,pt2052,2052,0.0,42.1460017334032,1.86060862319352,638.0,175,,0,0,1023
1024,pt2054,2054,0.0,42.0262861439408,1.56287807301806,580.0,145,,0,0,1024
1025,pt2056,2056,0.0,42.0881659063032,2.09247312621646,693.0,161,,0,0,1025
1026,pt2058,2058,0.0,41.2669918464846,1.49559953756809,132.0,40,,0,0,1026
1027,pt2060,2060,0.0,41.2844824760301,1.47959548229443,201.0,40,,0,0,1027
1028,pt2062,2062,0.0,41.5292971838628,1.91152011284408,63.0,75,,0,0,1028
1029,pt2064,2064,0.0,41.9794704203342,1.53151324448564,633.0,145,,0,0,1029
1030,pt2066,2066,0.0,41.0473453639707,0.876191659165098,205.0,24,,0,0,1030
1031,pt2068,2068,0.0,41.2879263021353,2.04817177818072,1.0,44,,0,0,1031
1032,pt2070,2070,0.0,41.3650881997219,1.18004537758378,298.0,52,,0,0,1032
1033,pt2072,2072,0.0,41.9274884127393,1.66490012599726,420.0,142,,0,0,1033
1034,pt2074,2074,0.0,42.0354474856301,1.56354859031672,579.0,172,,0,0,1034
1035,pt2076,2076,0.0,42.0480555706038,1.87288620875746,458.0,175,,0,0,1035
1036,pt2078,2078,0.0,41.8827841241106,1.88716893833339,311.0,128,,0,0,1036
1037,pt2080,2080,0.0,41.1070824026287,1.07567795893936,57.0,15,,0,0,1037
1038,pt2082,2082,0.0,41.0486045250692,0.873560204726589,226.0,24,,0,0,1038
1039,pt2084,2084,0.0,41.2297273206415,1.03224686212809,369.0,46,,0,0,1039
1040,pt2086,2086,0.0,41.2302350287636,1.08939109705223,376.0,25,,0,0,1040
1041,pt2088,2088,0.0,41.2630619562072,1.2201411610308,132.0,38,,0,0,1041
1042,pt2090,2090,0.0,41.2564196708251,1.17180271848033,218.0,25,,0,0,1042
1043,pt2092,2092,0.0,41.277786614145,1.28560981048679,220.0,38,,0,0,1043
1044,pt2094,2094,0.0,41.2769505325798,1.10709577067406,459.0,52,,0,0,1044
1045,pt2096,2096,0.0,41.2655550394539,1.1299546282301,323.0,25,,0,0,1045
1046,pt2098,2098,0.0,41.3057923788894,1.19296745540849,202.0,52,,0,0,1046
1047,pt2100,2100,0.0,41.2929057104872,1.02460123163425,724.0,46,,0,0,1047
1048,pt2102,2102,0.0,41.3564958632737,1.1742106859644,280.0,52,,0,0,1048
1049,pt2104,2104,0.0,41.3906451444825,1.18367350458288,329.0,52,,0,0,1049
1050,pt2106,2106,0.0,41.4425664271778,1.24304775988505,436.0,63,,0,0,1050
1051,pt2108,2108,0.0,41.3935060049056,1.11760878036655,377.0,59,,0,0,1051
1052,pt2110,2110,0.0,41.3714223150458,1.0479437160408,543.0,59,,0,0,1052
1053,pt2112,2112,0.0,41.3775124826556,0.99287261666625,584.0,57,,0,0,1053
1054,pt2114,2114,0.0,41.2254225443134,1.37184718553199,145.0,33,,0,0,1054
1055,pt2116,2116,0.0,41.195376849415,1.32844594843775,112.0,33,,0,0,1055
1056,pt2118,2118,0.0,41.2899962393997,1.3607069242871,219.0,45,,0,0,1056
1057,pt2120,2120,0.0,41.3022258976688,1.39334756566902,293.0,45,,0,0,1057
1058,pt2122,2122,0.0,41.4058877205274,1.32645106894048,488.0,45,,0,0,1058
1059,pt2124,2124,0.0,41.2940996373765,1.57039927952998,176.0,39,,0,0,1059
1060,pt2126,2126,0.0,41.2558399488713,1.65094486522674,100.0,39,,0,0,1060
1061,pt2128,2128,0.0,41.287116008874,1.64163235593375,123.0,39,,0,0,1061
1062,pt2130,2130,0.0,41.2848242986586,1.61394205795133,140.0,39,,0,0,1062
1063,pt2132,2132,0.0,41.3844553923419,1.63439943043589,255.0,54,,0,0,1063
1064,pt2134,2134,0.0,41.3508997438019,1.67241146576457,195.0,54,,0,0,1064
1065,pt2136,2136,0.0,41.4370810344733,1.60636296921204,454.0,61,,0,0,1065
1066,pt2138,2138,0.0,41.3940115424254,1.61336124457402,280.0,54,,0,0,1066
1067,pt2140,2140,0.0,41.4150565748673,1.51824341364243,582.0,70,,0,0,1067
1068,pt2142,2142,0.0,41.4174800939328,1.50342272929201,641.0,70,,0,0,1068
1069,pt2144,2144,0.0,41.4180998232739,1.50080278362695,652.0,70,,0,0,1069
1070,pt2146,2146,0.0,41.2644068820457,1.77381734812033,41.0,41,,0,0,1070
1071,pt2148,2148,0.0,41.3170345092904,1.80405209846232,156.0,41,,0,0,1071
1072,pt2150,2150,0.0,41.3373799283963,2.09950340453914,0.0,55,,0,0,1072
1073,pt2152,2152,0.0,41.3519909489852,2.04637141685664,9.0,49,,0,0,1073
1074,pt2154,2154,0.0,41.3871061400876,2.02328574896661,17.0,49,,0,0,1074
1075,pt2156,2156,0.0,41.3520563384777,1.97782101345153,116.0,56,,0,0,1075
1076,pt2158,2158,0.0,41.3877239684641,1.94513959930164,132.0,56,,0,0,1076
1077,pt2160,2160,0.0,41.4345461320576,2.0668843695601,148.0,60,,0,0,1077
1078,pt2162,2162,0.0,41.4197135921835,2.01324255447327,33.0,65,,0,0,1078
1079,pt2164,2164,0.0,41.5199471834786,2.03608008172802,163.0,84,,0,0,1079
1080,pt2166,2166,0.0,41.4681684699204,1.94731361397404,48.0,71,,0,0,1080
1081,pt2168,2168,0.0,41.4735897713817,1.83160506151103,140.0,64,,0,0,1081
1082,pt2170,2170,0.0,41.4315463118495,1.81237772357291,107.0,62,,0,0,1082
1083,pt2172,2172,0.0,41.4413336574429,1.74876996968896,190.0,64,,0,0,1083
1084,pt2174,2174,0.0,41.4468725813421,1.71738074865246,234.0,73,,0,0,1084
1085,pt2176,2176,0.0,41.5237446871542,1.69237380675159,239.0,73,,0,0,1085
1086,pt2178,2178,0.0,41.4619845911314,1.48762405518926,654.0,70,,0,0,1086
1087,pt2180,2180,0.0,41.5639226484743,1.66109536330503,276.0,88,,0,0,1087
1088,pt2182,2182,0.0,41.5720304231517,1.62784364677223,300.0,88,,0,0,1088
1089,pt2184,2184,0.0,41.595830115596,1.54285683710042,365.0,88,,0,0,1089
1090,pt2186,2186,0.0,41.5982225892304,1.52538328865769,386.0,70,,0,0,1090
1091,pt2188,2188,0.0,41.5295412659359,1.93761841521135,138.0,75,,0,0,1091
1092,pt2190,2190,0.0,41.5038258160794,1.91455603567021,61.0,75,,0,0,1092
1093,pt2192,2192,0.0,41.5097423135526,1.91793646124699,62.0,75,,0,0,1093
1094,pt2194,2194,0.0,41.5338651409148,1.91057339098242,65.0,75,,0,0,1094
1095,pt2196,2196,0.0,41.5713439465972,1.86467061407732,101.0,90,,0,0,1095
1096,pt2198,2198,0.0,41.5993156359354,1.85024421571884,126.0,90,,0,0,1096
1097,pt2200,2200,0.0,41.6163297717757,1.85168454653311,121.0,90,,0,0,1097
1098,pt2202,2202,0.0,41.6230053823484,1.86550743422461,129.0,99,,0,0,1098
1099,pt2204,2204,0.0,41.639131292466,1.91035246681255,309.0,97,,0,0,1099
1100,pt2206,2206,0.0,41.647890918483,1.80492583182443,256.0,105,,0,0,1100
1101,pt2208,2208,0.0,41.6602501622342,1.86311023237177,155.0,99,,0,0,1101
1102,pt2210,2210,0.0,41.6791126054552,1.85318528457896,159.0,106,,0,0,1102
1103,pt2212,2212,0.0,41.6822234527427,1.83743167692521,170.0,106,,0,0,1103
1104,pt2214,2214,0.0,41.6948480637152,1.7935892861875,245.0,105,,0,0,1104
1105,pt2216,2216,0.0,41.7126163926971,1.80460008937418,226.0,105,,0,0,1105
1106,pt2218,2218,0.0,41.7663121750719,1.63593681851824,613.0,122,,0,0,1106
1107,pt2220,2220,0.0,41.7576649964193,1.73740498285651,299.0,125,,0,0,1107
1108,pt2222,2222,0.0,41.8179966428852,1.80626935968936,362.0,128,,0,0,1108
1109,pt2224,2224,0.0,41.8135125494633,1.76252586118885,265.0,125,,0,0,1109
1110,pt2226,2226,0.0,41.9093574871919,1.79918572858796,521.0,128,,0,0,1110
1111,pt2228,2228,0.0,41.8467725585647,1.63947485601229,467.0,142,,0,0,1111
1112,pt2230,2230,0.0,41.8080895076817,1.61470195920966,655.0,122,,0,0,1112
1113,pt2232,2232,0.0,41.878395265722,1.66868370361869,459.0,142,,0,0,1113
1114,pt2234,2234,0.0,41.8993166203418,1.71711661132006,367.0,142,,0,0,1114
1115,pt2236,2236,0.0,42.0478602273145,1.72904271705666,801.0,173,,0,0,1115
1116,pt2238,2238,0.0,42.0216414393294,1.7628816795477,644.0,173,,0,0,1116
1117,pt2240,2240,0.0,41.9638084812808,1.75524164345722,528.0,142,,0,0,1117
1118,pt2242,2242,0.0,41.9465958961658,1.67763727966194,463.0,142,,0,0,1118
1119,pt2244,2244,0.0,41.9627405528912,1.60547631337993,501.0,145,,0,0,1119
1120,pt2246,2246,0.0,42.0818568495461,1.67132165539049,749.0,172,,0,0,1120
1121,pt2248,2248,0.0,41.9846430460589,1.52701317826661,641.0,145,,0,0,1121
1122,pt2250,2250,0.0,42.0557528324853,1.56659987890442,610.0,172,,0,0,1122
1123,pt2252,2252,0.0,42.0997616568359,1.58316541023793,799.0,172,,0,0,1123
1124,pt2254,2254,0.0,42.2255698033966,1.66127531207362,1329.0,200,,0,0,1124
1125,pt2256,2256,0.0,41.7016310373212,1.88244663832394,218.0,106,,0,0,1125
1126,pt2258,2258,0.0,41.7238972245192,1.99422385827744,491.0,110,,0,0,1126
1127,pt2260,2260,0.0,41.7012574683444,1.97482954352033,451.0,110,,0,0,1127
1128,pt2262,2262,0.0,41.7093675203885,1.93989769264605,364.0,106,,0,0,1128
1129,pt2264,2264,0.0,41.7948534025619,1.85461878564877,330.0,128,,0,0,1129
1130,pt2266,2266,0.0,41.7586894795888,1.90066685320885,225.0,120,,0,0,1130
1131,pt2268,2268,0.0,41.7724591654091,1.9047985212328,245.0,120,,0,0,1131
1132,pt2270,2270,0.0,41.7603257789828,1.93556657010235,279.0,121,,0,0,1132
1133,pt2272,2272,0.0,41.8022960557893,2.10350864171398,653.0,135,,0,0,1133
1134,pt2274,2274,0.0,41.8127615435355,2.02383711891544,419.0,121,,0,0,1134
1135,pt2276,2276,0.0,41.840495931831,2.05663849395124,535.0,135,,0,0,1135
1136,pt2278,2278,0.0,41.8984509242193,2.10916558835783,678.0,135,,0,0,1136
1137,pt2280,2280,0.0,41.896955421192,2.11916671365764,703.0,135,,0,0,1137
1138,pt2282,2282,0.0,41.9537563063877,2.00066856784222,516.0,169,,0,0,1138
1139,pt2284,2284,0.0,42.0001200349536,2.0683077851659,551.0,161,,0,0,1139
1140,pt2286,2286,0.0,41.9658369274922,2.03376762222332,522.0,161,,0,0,1140
1141,pt2288,2288,0.0,41.9827073934845,2.098353481296,547.0,161,,0,0,1141
1142,pt2290,2290,0.0,42.0078499747986,2.0541698203884,572.0,161,,0,0,1142
1143,pt2292,2292,0.0,42.0414454031873,2.08524498027203,614.0,161,,0,0,1143
1144,pt2294,2294,0.0,41.8155790399517,1.90144231897626,256.0,120,,0,0,1144
1145,pt2296,2296,0.0,41.9048625703045,1.94032305714495,457.0,121,,0,0,1145
1146,pt2298,2298,0.0,41.8323728046765,1.88017512194633,276.0,128,,0,0,1146
1147,pt2300,2300,0.0,41.8480701325454,1.88077576240908,282.0,128,,0,0,1147
1148,pt2302,2302,0.0,41.8381447422614,1.86870927836339,302.0,128,,0,0,1148
1149,pt2304,2304,0.0,41.8580948443149,1.83687504417388,407.0,128,,0,0,1149
1150,pt2306,2306,0.0,41.9078721120223,1.84559898468233,409.0,128,,0,0,1150
1151,pt2308,2308,0.0,41.8709921167346,1.88474942658173,308.0,128,,0,0,1151
1152,pt2310,2310,0.0,41.9181414360326,1.91369032934868,403.0,128,,0,0,1152
1153,pt2312,2312,0.0,41.9517215572111,1.85006280478786,421.0,128,,0,0,1153
1154,pt2314,2314,0.0,41.9258939406076,1.88291822255825,343.0,128,,0,0,1154
1155,pt2316,2316,0.0,42.1300281532448,2.04444992134951,761.0,169,,0,0,1155
1156,pt2318,2318,0.0,42.0209848659601,1.84618528150139,495.0,173,,0,0,1156
1157,pt2320,2320,0.0,42.0289496692802,1.92583533569324,502.0,169,,0,0,1157
1158,pt2322,2322,0.0,42.1905484976149,2.06551618857991,965.0,179,,0,0,1158
1159,pt2324,2324,0.0,42.0788572463911,1.81530088356051,696.0,173,,0,0,1159
1160,pt2326,2326,0.0,42.10160737979,1.93519928008367,710.0,169,,0,0,1160
1161,pt2328,2328,0.0,42.0559082752435,1.87362458085293,465.0,175,,0,0,1161
1162,pt2330,2330,0.0,42.0516631448342,1.90790925497201,520.0,169,,0,0,1162
1163,pt2332,2332,0.0,42.0576633057955,1.91402508455178,549.0,169,,0,0,1163
1164,pt2334,2334,0.0,42.1123826723922,1.83311480592076,909.0,173,,0,0,1164
1165,pt2336,2336,0.0,42.1141183357731,1.81113222305696,1116.0,173,,0,0,1165
1166,pt2338,2338,0.0,42.2292068749554,1.87846504884523,714.0,190,,0,0,1166
1167,pt2340,2340,0.0,42.293157818595,1.86589190467846,1181.0,190,,0,0,1167
1168,pt2342,2342,0.0,42.2374227160559,1.91702812317245,772.0,190,,0,0,1168
1169,pt2344,2344,0.0,42.2780863300244,2.00348247128814,1183.0,190,,0,0,1169
1170,pt2346,2346,0.0,42.2613493619461,2.04070928082322,1137.0,190,,0,0,1170
1171,pt2348,2348,0.0,41.4754390313385,1.95588953949074,38.0,71,,0,0,1171
1172,pt2350,2350,0.0,41.4727923850262,1.9524547292729,40.0,71,,0,0,1172
1173,pt2352,2352,0.0,41.4417753057254,1.85389854546824,83.0,62,,0,0,1173
1174,pt2354,2354,0.0,41.8708088768378,1.80165694319293,434.0,128,,0,0,1174
1175,pt2356,2356,0.0,41.4344097799504,1.83665203590413,93.0,62,,0,0,1175
1176,pt2358,2358,0.0,41.8329902496704,1.7499122916452,281.0,125,,0,0,1176
1177,pt2360,2360,0.0,41.3430550299787,1.32207136073773,331.0,45,,0,0,1177
1178,pt2362,2362,0.0,42.0324954484316,1.67848866396807,735.0,142,,0,0,1178
1179,pt2364,2364,0.0,42.0071086439169,1.65271777401639,550.0,145,,0,0,1179
1180,pt2366,2366,0.0,41.7408341404876,2.07904904055901,634.0,110,,0,0,1180
1181,pt2368,2368,0.0,41.4821029974574,2.12793338997187,75.0,72,,0,0,1181
1182,pt2370,2370,0.0,41.3334798375813,1.33800769163408,334.0,45,,0,0,1182
1183,pt2372,2372,0.0,41.7368616348073,2.0233111940819,516.0,110,,0,0,1183
1184,pt2374,2374,0.0,41.7917723568278,2.68935015315972,71.0,115,,0,0,1184
1185,pt2376,2376,0.0,41.79455327,2.69889108,72.0,115,,0,0,1185
