id,name,gis_id,lat,lon,utm_x,utm_y,edar_name,edar_code,ind_id,capt_id,delete
1,pt0008,8,42.25428085,3.072160582,505952.3165,4678011.884,,,,,yes
2,pt0010,10,42.24384026,2.974485877,497895.0672,4676850.421,,,526,,no
3,pt0012,12,42.23795494,2.969209668,497459.5402,4676197.098,,,,,yes
4,pt0014,14,42.29222221,3.008806568,500725.9926,4682222.189,,,,,yes
5,pt0016,16,42.3157291,2.918082731,493249.446,4684835.481,,,523,,no
6,pt0018,18,42.3346321,2.859904985,488458.6491,4686940.633,,,,,yes
7,pt0020,20,42.26822136,2.159428511,430678.7355,4679899.262,,,492,,no
8,pt0022,22,42.34048065,2.833456276,486281.0142,4687593.956,,,524,,no
9,pt0024,24,42.26862575,2.595114444,466609.7119,4679681.488,,,550,,no
10,pt0026,26,42.2995834,2.358910779,447156.1732,4683238.469,EDAR CAMPRODON,ES9170390003010E,503,,no
11,pt0028,28,42.31269234,2.364943343,447664.288,4684690.298,,,506,,no
12,pt0030,30,42.31128777,2.148286389,429807.6815,4684690.298,,,494,,no
13,pt0032,32,42.318482,2.34814843,446285.1192,4685343.621,,,504,,no
14,pt0034,34,42.31685782,2.781547776,481998.3322,4684980.664,,,,,yes
15,pt0036,36,42.313615,2.110380325,426686.4048,4684980.664,,,495,,no
16,pt0038,38,42.28433857,3.094205081,507767.0122,4681351.091,,,514,,no
17,pt0040,40,42.36208477,3.144566226,511904.5186,4689989.474,,,513,,no
18,pt0042,42,42.30068913,3.086303725,507113.7218,4683165.878,,,515,,no
19,pt0044,44,42.40460401,2.876509078,489837.8179,4694707.919,"EDAR JONQUERA, LA",ES9170860002010E,519,,no
20,pt0046,46,42.34561903,2.409556207,451366.2674,4688319.871,,,505,,no
21,pt0048,48,42.25226007,2.862727306,488676.4126,4677794.11,,,527,,no
22,pt0050,50,42.43016365,3.028239671,502322.9249,4697538.985,,,,,yes
23,pt0052,52,42.26271093,2.418148165,452011.0483,4679109.266,,,,,yes
24,pt0054,54,42.24595277,2.65949016,471908.6236,4677140.787,,,,,yes
25,pt0056,56,42.31234988,1.983283765,416210.5951,4684957.501,,,,,yes
26,pt0058,58,42.32643392,2.580203517,465411.6787,4686106.165,,,,,yes
27,pt0060,60,42.36274184,2.858079549,488313.4735,4690062.066,,,,,yes
28,pt0062,62,42.35297025,3.110172085,509073.5932,4688973.194,,,,,yes
29,pt0064,64,42.03521521,3.125406905,510380.1742,4653693.748,,,,,yes
30,pt0066,66,42.05685382,2.964911005,497096.601,4656089.266,,,,,yes
31,pt0068,68,42.06204974,2.904372314,492088.0407,4656669.997,,,579,,no
32,pt0070,70,42.02731461,2.831645593,486063.2507,4652822.65,EDAR GIRONA,ES9170790005010E,414,,no
33,pt0072,72,42.01226398,2.822918828,485337.3724,4651153.047,,,415,,no
34,pt0074,74,42.24575744,3.103826248,508565.4784,4677068.196,EDAR EMPURIABRAVA,ES9170470001011E,,,no
35,pt0076,76,42.16865363,3.031638272,502613.2762,4668502.404,,,576,,no
36,pt0078,78,42.1680021,2.978031548,498185.4185,4668429.813,,,575,,no
37,pt0080,80,42.17709404,2.879589448,490055.5814,4669446.093,,,572,,no
38,pt0082,82,42.16989084,2.869057277,489184.5274,4668647.587,,,570,,no
39,pt0084,84,42.0366939,2.240537214,437139.0525,4654129.296,,,476,,no
40,pt0086,86,42.17763445,2.79872719,483377.5009,4669518.684,,,566,,no
41,pt0088,88,42.18283586,2.782888726,482070.92,4670099.416,,,567,,no
42,pt0090,90,42.04259499,2.243098106,437356.816,4654782.619,,,,,yes
43,pt0092,92,42.190007,2.772315017,481199.866,4670897.922,,,559,,no
44,pt0094,94,42.04850753,2.247413602,437719.7551,4655435.943,EDAR VALL DEL GES-TORELL?Ù,ES9082850002010E,,,no
45,pt0096,96,42.07588935,2.235682489,436776.1133,4658484.784,,,482,,no
46,pt0098,98,42.20219355,2.674672737,473142.6167,4672277.16,,,556,,no
47,pt0100,100,42.21110385,2.598120183,466827.4754,4673293.44,,,545,,no
48,pt0102,102,42.13848143,2.210335665,434743.654,4665453.563,,,,,yes
49,pt0104,104,42.15019384,2.202283251,434090.3636,4666760.209,,,487,,no
50,pt0106,106,42.22204162,2.550555667,462907.7325,4674527.495,EDAR CASTELLFOLLIT DE LA ROCA,ES9170460001010E,,,no
51,pt0108,108,42.16653086,2.201199262,434017.7757,4668574.996,EDAR RIPOLL,ES9171470007010E,,,no
52,pt0110,110,42.17236521,2.194095088,433437.0731,4669228.319,,,,,yes
53,pt0112,112,42.21599214,2.51014361,459568.6923,4673874.172,,,617,,no
54,pt0114,114,42.21694652,2.211997193,434961.4175,4674164.537,,,498,,no
55,pt0116,116,42.214472,2.462665928,455648.9494,4673728.989,,,578,,no
56,pt0118,118,42.20556103,2.173449282,431767.553,4672930.483,,,489,,no
57,pt0120,120,42.03461442,3.059634219,504936.0868,4653621.156,,,391,,no
58,pt0122,122,42.18947124,2.84264416,487006.8925,4670825.331,,,,,yes
59,pt0124,124,42.22025923,2.442388048,453979.4293,4674382.312,,,540,,no
60,pt0126,126,42.21457964,2.662297052,472126.3871,4673656.397,,,554,,no
61,pt0128,128,42.22642645,2.261136653,439026.3361,4675180.818,,,500,,no
62,pt0130,130,42.22094384,2.607732566,467625.9416,4674382.312,,,546,,no
63,pt0132,132,42.2284996,2.278704976,440478.0927,4675398.592,EDAR SANT JOAN DE LES ABADESSES,ES9171670007010E,,,no
64,pt0134,134,42.23336839,2.608535335,467698.5294,4675761.549,,,547,,no
65,pt0136,136,42.24995612,2.164950603,431114.2625,4677866.702,,,,,yes
66,pt0138,138,42.2477361,2.604047029,467335.5902,4677358.561,,,548,,no
67,pt0140,140,42.24072523,2.660398069,471981.2114,4676560.055,,,553,,no
68,pt0142,142,42.24801675,2.082266235,424291.0063,4677721.519,,,,,yes
69,pt0144,144,42.21839033,2.807392729,484103.3793,4674042.27,,,,,yes
70,pt0146,146,42.17620647,2.73896609,478441.5284,4669373.502,,,560,,no
71,pt0148,148,42.16964834,2.730204902,477715.6501,4668647.587,,,,,yes
72,pt0150,150,42.04992871,2.264939953,439171.5117,4655581.125,,,,,yes
73,pt0152,152,42.20025638,2.499714328,458697.6383,4672131.977,,,,,yes
74,pt0154,154,42.23599121,2.961292998,496806.2497,4675979.324,,,595,,no
75,pt0156,156,42.17995505,2.491963791,458044.3479,4669881.642,,,537,,no
76,pt0158,158,42.22421587,2.94370874,495354.4931,4674672.678,,,529,,no
77,pt0160,160,42.17536311,2.488484978,457753.9965,4669373.502,,,536,,no
78,pt0162,162,42.08093367,2.836769474,486498.7777,4658775.149,,,,,yes
79,pt0164,164,42.07107878,2.301548792,442220.2006,4657904.052,,,479,,no
80,pt0166,166,42.21195785,2.484672209,457463.6452,4673438.623,,,543,,no
81,pt0168,168,42.20283274,2.490901277,457971.76,4672422.343,EDAR OLOT,ES9171140003010E,542,,no
82,pt0170,170,42.14707256,2.450058788,454560.132,4666252.069,,,,,yes
83,pt0172,172,42.05287437,2.880701557,490128.1692,4655653.717,,,,,yes
84,pt0174,174,42.14244523,2.439557605,453689.078,4665743.929,,,532,,no
85,pt0176,176,42.010682,2.505585687,459060.5775,4651080.455,,,455,,no
86,pt0178,178,42.06926848,2.945600702,495499.6688,4657468.503,,,400,,no
87,pt0180,180,42.09599568,2.855164621,488023.1221,4660444.753,,,406,,no
88,pt0182,182,42.18135584,2.705543774,475683.1908,4669954.233,,,558,,no
89,pt0184,184,42.01784709,2.367008651,447591.7002,4651951.553,EDAR SANTA MARIA DE CORC?Ù-L'ESQUIROL,ES9082540003000E,456,,no
90,pt0186,186,42.12483202,2.447616599,454342.3685,4663783.96,,,596,,no
91,pt0188,188,42.21107718,2.867213464,489039.3518,4673220.849,,,530,,no
92,pt0190,190,42.15561685,2.623072788,468859.9347,4667123.166,,,564,,no
93,pt0192,192,42.14683538,2.402622048,450640.3891,4666252.069,,,535,,no
94,pt0194,194,42.02702389,2.371301839,447954.6393,4652967.833,,,,,yes
95,pt0196,196,42.08222446,2.825357256,485555.1359,4658920.332,,,,,yes
96,pt0198,198,42.01180005,2.338139685,445196.3017,4651298.23,,,580,,no
97,pt0200,200,42.1447813,2.385072014,449188.6324,4666034.295,,,534,,no
98,pt0202,202,42.07651705,2.336590111,445123.7139,4658484.784,,,,,yes
99,pt0204,204,42.01642172,2.473103337,456374.8277,4651733.778,,,,,yes
100,pt0206,206,42.02284159,2.932488419,494410.8513,4652314.51,,,,,yes
101,pt0208,208,42.14295642,2.556386092,463343.2595,4665743.929,,,619,,no
102,pt0210,210,42.19341294,2.314141421,443371.0202,4671478.654,,,,,yes
103,pt0212,212,42.04284614,2.395703596,449987.0986,4654710.028,,,457,,no
104,pt0214,214,42.12069174,2.765538224,480619.1634,4663203.228,,,412,,no
105,pt0216,216,42.13590017,2.317525471,443599.3694,4665090.606,,,480,,no
106,pt0218,218,42.03333839,2.45895465,455215.237,4653619.341,,,,,yes
107,pt0220,220,42.00496661,2.190075503,432928.9583,4650644.907,,,,,yes
108,pt0222,222,42.09085026,2.371220439,448000.0014,4660054.568,,,,,yes
109,pt0224,224,42.07382337,2.602497354,467117.8268,4658049.235,,,,,yes
110,pt0226,226,42.11854166,2.68034679,473576.2575,4662987.34,,,,,yes
111,pt0228,228,42.1180253,2.183368789,432493.4313,4663203.228,,,,,yes
112,pt0230,230,42.10269848,2.236238457,436848.7011,4661461.033,,,,,yes
113,pt0232,232,42.10816131,2.841409479,486888.1741,4661797.532,,,,,yes
114,pt0234,234,42.17589518,2.676770934,473304.7706,4669356.522,,,,,yes
115,pt0236,236,41.98407617,2.780060261,481780.5687,4648031.614,,,439,,no
116,pt0238,238,41.98535623,2.289342505,441131.3832,4648394.572,,,597,,no
117,pt0240,240,41.98792765,2.282303464,440550.6805,4648684.937,,,,6,no
118,pt0242,242,41.98403762,2.760782709,480183.6364,4648031.614,EDAR SANT GREGORI,ES9171630006010E,,,no
119,pt0244,244,41.99081434,2.223555981,435687.2958,4649047.895,,,474,,no
120,pt0246,246,42.02148049,2.591425514,466174.1849,4652241.919,,,448,,no
121,pt0248,248,42.00370225,2.196227177,433437.0731,4650499.724,,,,,yes
122,pt0250,250,42.01672769,2.760660239,480183.6364,4651661.187,,,,,yes
123,pt0252,252,42.00569012,2.417092581,451729.2065,4650572.315,,,581,,no
124,pt0254,254,41.99003465,2.822980451,485337.3724,4648684.937,,,416,,no
125,pt0256,256,41.9749998,2.82477436,485482.548,4647015.334,,,,,yes
126,pt0258,258,41.97174758,2.836172447,486426.1899,4646652.377,,,,,yes
127,pt0260,260,41.9665281,2.844069989,487079.4803,4646071.645,EDAR QUART,ES9117142000601E,,,no
128,pt0262,262,41.96080844,2.630354631,469368.0495,4645490.913,,,,,yes
129,pt0264,264,41.98405414,2.290233238,441203.971,4648249.389,,,,,yes
130,pt0266,266,41.96452884,2.422723853,452164.7335,4645999.054,,,458,,no
131,pt0268,268,41.80608175,2.709889932,475900.9543,4628286.739,,,375,,no
132,pt0270,270,41.76450159,2.583454071,465375.7188,4623713.477,,,,,yes
133,pt0272,272,41.77037322,2.579922717,465085.3675,4624366.801,,,351,,no
134,pt0274,274,41.90633599,2.81621029,484756.6697,4639393.231,,,,,yes
135,pt0276,276,41.96466608,3.0385451,503193.9789,4645853.871,,,,,yes
136,pt0278,278,41.81166713,3.051561828,504282.7963,4628867.471,,,383,,no
137,pt0280,280,41.89849021,2.816232788,484756.6697,4638522.134,,,424,,no
138,pt0282,282,41.89784057,2.818859888,484974.4332,4638449.542,,,426,,no
139,pt0284,284,41.89195484,2.818001519,484901.8454,4637796.219,,,434,,no
140,pt0286,286,41.95159289,3.028027447,502322.9249,4644402.042,,,,,yes
141,pt0288,288,41.81232455,3.042823206,503556.918,4628940.062,,,,,yes
142,pt0290,290,41.88866421,2.804886548,483813.0279,4637433.262,,,427,,no
143,pt0292,292,41.83805441,2.685266198,473868.4951,4631843.72,,,,,yes
144,pt0294,294,41.85955537,2.658924109,471690.8601,4634239.238,,,,,yes
145,pt0296,296,41.88210616,2.793533262,482869.3861,4636707.348,,,,,yes
146,pt0298,298,41.8146106,2.522827488,460367.1585,4629303.019,EDAR ARB?‹CIES,ES9170090001010E,348,,no
147,pt0300,300,41.97497465,2.809004009,484175.9671,4647015.334,,,436,,no
148,pt0302,302,41.86588462,2.881049813,490128.1692,4634892.561,,,432,,no
149,pt0304,304,41.88646146,2.262442256,438808.5726,4637433.262,EDAR TARADELL,ES9082780005010E,,,no
150,pt0306,306,41.94756159,2.839737421,486716.5412,4643966.493,,,417,,no
151,pt0308,308,41.90224792,2.732208646,477788.2379,4638957.683,,,422,,no
152,pt0310,310,41.95451424,2.271292453,439607.0387,4644982.773,EDAR VIC,ES9082980001010E,616,,no
153,pt0312,312,41.863256,3.131192579,510888.289,4634602.195,,,385,,no
154,pt0314,314,41.7925554,2.806925576,483958.2036,4626762.319,,,369,,no
155,pt0316,316,41.87206735,2.260858321,438663.3969,4635836.25,,,,,yes
156,pt0318,318,41.96641884,2.293057057,441421.7345,4646289.419,,,464,,no
157,pt0320,320,41.82800618,2.935315894,494628.6148,4630682.257,,,,,yes
158,pt0322,322,41.78914756,2.73704786,478151.1771,4626399.361,EDAR MA?ÁANET DE LA SELVA,ES9171030006010E,373,,no
159,pt0324,324,41.96369429,3.093955579,507785.5994,4645749.525,,,393,,no
160,pt0326,326,41.92219956,2.713556268,476248.5261,4641177.857,,,420,,no
161,pt0328,328,41.9626245,3.14103184,511686.7551,4645636.096,,,394,,no
162,pt0330,330,41.79847186,2.827003521,485627.7237,4627415.642,,,368,,no
163,pt0332,332,41.93362252,2.185791299,432498.8925,4642726.977,,,,,yes
164,pt0334,334,41.77411908,2.393865767,449624.1594,4624874.941,,,337,,no
165,pt0336,336,41.87355932,2.405173552,450640.3891,4635908.842,,,459,,no
166,pt0338,338,41.84660289,2.512097299,459496.1045,4632860.001,,,350,,no
167,pt0340,340,41.96506126,2.399067207,450204.8621,4646071.645,,,454,,no
168,pt0342,342,41.96994153,2.230817981,436267.9985,4646724.968,,,465,,no
169,pt0344,344,41.78354112,2.927498889,493975.3243,4625746.038,,,379,,no
170,pt0346,346,41.94559965,2.309925895,442800.9033,4643966.493,EDAR FOLGUEROLES,ES9080830001010E,,,no
171,pt0348,348,41.78399441,2.406875635,450712.9769,4625963.813,,,,,yes
172,pt0350,350,41.76433329,2.751121399,479312.5824,4623640.886,EDAR PANTANS DE MONTBARBAT,ES9117103001000E,,,no
173,pt0352,352,41.79977004,2.423331228,452092.1457,4627706.007,,,,,yes
174,pt0354,354,41.80601397,2.899511029,491652.5137,4628243.423,,,378,,no
175,pt0356,356,41.82248998,2.442882385,453732.7537,4630217.795,,,,,yes
176,pt0358,358,41.83360034,2.390682295,449406.3959,4631480.763,,,,,yes
177,pt0360,360,41.80537305,2.688921471,474158.8464,4628214.148,,,,,yes
178,pt0362,362,41.84548247,2.296138732,441566.9102,4632860.001,,,,20,no
179,pt0364,364,41.89947703,2.492442854,457899.1722,4638739.908,,,,,yes
180,pt0366,366,41.90557706,3.162602372,513486.2333,4639305.422,,,,,yes
181,pt0368,368,41.93758462,2.791603168,482724.2105,4642867.352,,,437,,no
182,pt0370,370,41.94936674,2.86099818,488479.0772,4644163.838,,,,,yes
183,pt0372,372,41.97316147,2.950624934,495909.1566,4646797.56,,,,,yes
184,pt0374,374,41.77458983,2.66985544,472561.9141,4624802.349,,,364,,no
185,pt0376,376,41.54636926,2.247173579,437211.6403,4599685.706,,,,,yes
186,pt0378,378,41.5509856,2.253212659,437719.7551,4600193.847,,,,,yes
187,pt0380,380,41.61500665,2.244633487,437066.4646,4607307.809,,,307,,no
188,pt0382,382,41.63069769,2.244450333,437066.4646,4609050.004,EDAR SANTA EUL?«LIA DE RON?ÁANA,ES9081070012010E,,,no
189,pt0384,384,41.62181722,2.287249148,440623.2684,4608033.724,,,,,yes
190,pt0386,386,41.68042905,2.488935094,457463.6452,4614421.771,,,,,yes
191,pt0388,388,41.65781378,2.29295509,441131.3832,4612026.254,,,,,yes
192,pt0390,390,41.68422036,2.460123319,455068.2468,4614857.32,EDAR SANTA MARIA DE PALAUTORDERA,ES9082590005010E,,,no
193,pt0392,392,41.71654253,2.524426202,460439.7463,4618414.301,,,344,,no
194,pt0394,394,41.71849694,2.176230063,431477.2016,4618849.85,EDAR SANT QUIRZE SAFAJA,ES9082390001010E,311,,no
195,pt0396,396,41.71979873,2.272205036,439461.8631,4618922.442,,,313,,no
196,pt0398,398,41.72653844,2.572353647,464432.077,4619503.173,EDAR RIELLS I VIABREA,ES9171460006010E,356,,no
197,pt0400,400,41.72760247,2.511253211,459350.9288,4619648.356,,,343,,no
198,pt0402,402,41.72456536,2.420513318,451801.7944,4619357.99,,,339,,no
199,pt0404,404,41.73758365,2.409048659,450858.1526,4620809.819,,,,,yes
200,pt0406,406,41.74108827,2.619396201,468351.8199,4621100.185,,,352,,no
201,pt0408,408,41.73829741,2.569656921,464214.3135,4620809.819,EDAR BREDA,ES9170270002010E,,,no
202,pt0410,410,41.74605147,2.402859942,450350.0377,4621753.508,,,338,,no
203,pt0412,412,41.73956534,2.559173358,463343.2595,4620955.002,,,614,,no
204,pt0414,414,41.74845656,2.160132477,430170.6207,4622189.057,,,,,yes
205,pt0416,416,41.75256213,2.397561012,449914.5108,4622479.423,,,,,yes
206,pt0418,418,41.75673284,2.605333255,467190.4146,4622842.38,,,,,yes
207,pt0420,420,41.76688982,2.524927856,460512.3341,4624003.843,,,,25,no
208,pt0422,422,41.74386063,2.491051346,457681.4087,4621463.142,,,,,yes
209,pt0424,424,41.54714126,2.26544146,438735.9847,4599758.298,,,,,yes
210,pt0426,426,41.55574519,2.281882436,440115.1535,4600701.987,,,316,,no
211,pt0428,428,41.58867362,2.320707431,443381.6059,4604331.559,,,609,,no
212,pt0430,430,41.60858369,2.080932475,423419.9524,4606727.077,,,606,,no
213,pt0432,432,41.62426683,2.37087309,447591.7002,4608251.498,,,,,yes
214,pt0434,434,41.60997605,2.178483358,431549.7895,4606799.669,EDAR CALDES DE MONTBUI,ES9080330001010E,,,no
215,pt0436,436,41.61898099,2.072943284,422766.6619,4607888.541,,,,,yes
216,pt0438,438,41.63926395,2.159808689,430025.445,4610066.284,,,302,,no
217,pt0440,440,41.60309214,2.608884134,467408.1781,4605783.389,,,329,,no
218,pt0442,442,41.5384686,2.061911202,421750.4322,4598959.792,,,124,,no
219,pt0444,444,41.5930646,2.405143025,450422.6256,4604767.108,,,326,,no
220,pt0446,446,41.68498869,2.355454792,446357.707,4615002.503,EDAR C?«NOVES I SAMAL?‹S,ES9080420001010E,,,no
221,pt0448,448,41.73057886,2.924940053,493757.5608,4619866.13,,,377,,no
222,pt0450,450,41.67385177,2.480266775,456737.7669,4613695.857,,,334,,no
223,pt0452,452,41.58626942,2.155271042,429589.918,4604186.377,,,299,,no
224,pt0454,454,41.5508618,2.058250562,421460.0809,4600339.03,,,125,,no
225,pt0456,456,41.59836641,2.419030612,451584.0309,4605347.84,,,,,yes
226,pt0458,458,41.57161619,2.209442417,434090.3636,4602516.773,,,305,,no
227,pt0460,460,41.53525492,2.153324677,429372.1545,4598524.243,,,,,yes
228,pt0462,462,41.60703488,2.134093162,427847.8101,4606509.303,,,300,,no
229,pt0464,464,41.70848117,2.34736768,445704.4165,4617615.795,,,,,yes
230,pt0466,466,41.68356835,2.055445744,421387.4931,4615075.095,,,,,yes
231,pt0468,468,41.62330003,2.123419427,426976.7561,4608324.089,,,,,yes
232,pt0470,470,41.59255156,2.039355292,419935.7365,4604984.883,EDAR MATADEPERA,ES9081200001100E,123,,no
233,pt0472,472,41.5900546,2.20376584,433635.9789,4604568.192,,,,,yes
234,pt0474,474,41.62982446,2.121588175,426831.5804,4609050.004,,,,,yes
235,pt0476,476,41.69321606,2.578680522,464940.1918,4615801.009,,,,,yes
236,pt0478,478,41.65715003,2.326090996,443889.7208,4611930.461,,,,,yes
237,pt0480,480,41.48780319,2.192202051,432566.0191,4593225.067,,,296,,no
238,pt0482,482,41.48776028,2.186115884,432057.9043,4593225.067,,,,,yes
239,pt0484,484,41.50231748,2.120704448,426613.8169,4594894.671,,,128,,no
240,pt0486,486,41.51203051,2.108395094,425597.5873,4595983.542,,,,,yes
241,pt0488,488,41.48159907,2.147937376,428864.0397,4592571.744,,,288,,no
242,pt0490,490,41.47469026,2.099344152,424799.1212,4591845.83,,,285,,no
243,pt0492,492,41.77121368,2.467254667,455721.5373,4624511.983,,,,,yes
244,pt0494,494,41.78094676,2.451451395,454414.9563,4625600.855,,,,,yes
245,pt0496,496,41.46162053,2.18818118,432203.0799,4590321.409,,,289,,no
246,pt0498,498,41.47260038,2.086519643,423725.8686,4591625.039,,,286,,no
247,pt0500,500,41.52562371,2.090807836,424145.8307,4597507.963,,,126,,no
248,pt0502,502,41.56823531,2.105010899,425379.8238,4602226.407,,,,,yes
249,pt0504,504,41.60135735,2.076679779,423057.0132,4605928.571,EDAR CASTELLAR DEL VALL?ÍS,ES9080510004010E,293,,no
250,pt0506,506,41.64434296,2.056018884,421387.4931,4610719.607,,,,,yes
251,pt0508,508,41.67377634,2.057332975,421532.6688,4613986.223,EDAR SANT LLOREN?Á SAVALL,ES9082230001010E,,,no
252,pt0510,510,41.52101708,2.173519676,431041.6746,4596927.231,,,298,,no
253,pt0512,512,41.4923859,2.193014708,432638.6069,4593733.207,,,607,,no
254,pt0514,514,41.53181179,2.221238805,435034.0054,4598088.695,,,303,,no
255,pt0516,516,41.54301405,2.234158449,436122.8228,4599322.749,EDAR MONTORN?ÍS DEL VALL?ÍS,ES9081360001010E,304,,no
256,pt0518,518,41.52249715,2.197860659,433074.1339,4597072.414,,,,,yes
257,pt0520,520,41.57464666,2.17544843,431259.4381,4602879.73,,,,,yes
258,pt0522,522,41.64315468,2.155400075,429662.5058,4610501.833,,,,,yes
259,pt0524,524,41.58624535,2.245839677,437139.0525,4604113.785,,,306,,no
260,pt0526,526,41.65220354,2.233738211,436195.4107,4611445.522,,,,,yes
261,pt0528,528,41.69248801,2.196624464,433146.7217,4615946.192,EDAR SANT FELIU DE CODINES,ES9082100001010E,,,no
262,pt0530,530,41.70355936,2.190379645,432638.6069,4617180.247,,,,,yes
263,pt0532,532,41.73076649,2.155126169,429735.0937,4620229.088,,,310,,no
264,pt0534,534,41.56570719,2.307018829,442220.2006,4601790.859,EDAR VILANOVA DEL VALL?ÍS,ES9081810001010E,317,,no
265,pt0536,536,41.59858236,2.338023895,444833.3626,4605420.431,,,610,,no
266,pt0538,538,41.61636342,2.360494806,446720.6462,4607380.401,"EDAR ROCA DEL VALL?ÍS, LA",ES9080460001010E,319,,no
267,pt0540,540,41.6555773,2.357491686,446502.8827,4611735.888,,,,,yes
268,pt0542,542,41.63219734,2.386482472,448898.2811,4609122.595,,,611,,no
269,pt0544,544,41.64675323,2.419467788,451656.6187,4610719.607,,,325,,no
270,pt0546,546,41.66044786,2.412369982,451075.9161,4612244.028,EDAR SANT ANTONI DE VILAMAJOR,ES9081980007010E,324,,no
271,pt0548,548,41.56816495,2.394924161,449551.5716,4602008.633,,,,,yes
272,pt0550,550,41.6031098,2.45296023,454414.9563,4605855.98,,,328,,no
273,pt0552,552,41.6142044,2.607945779,467335.5902,4607017.443,,,,,yes
274,pt0554,554,41.70799446,2.705096337,475465.4273,4617398.021,,,361,,no
275,pt0556,556,41.77190706,2.647161724,470674.6305,4624511.983,,,,,yes
276,pt0558,558,41.80486476,2.748343168,479094.8189,4628141.556,EDAR SILS-VIDRERES,ES9171930002010E,366,,no
277,pt0560,560,41.82585837,2.783224898,481998.3322,4630464.483,EDAR CALDES DE MALAVELLA,ES9170330001010E,367,,no
278,pt0562,562,41.81007348,2.532473852,461165.6246,4628794.879,,,349,,no
279,pt0564,564,41.81971374,2.493073206,457899.1722,4629883.751,,,,26,no
280,pt0566,566,41.73060964,2.614221236,467916.2929,4619938.722,,,353,,no
281,pt0568,568,41.72730188,2.602895153,466972.6511,4619575.765,,,613,,no
282,pt0570,570,41.73565909,2.563564429,463706.1987,4620519.454,,,357,,no
283,pt0572,572,41.71596309,2.542755178,461964.0907,4618341.71,,,346,,no
284,pt0574,574,41.69753433,2.513225643,459496.1045,4616309.149,,,612,,no
285,pt0576,576,41.68437894,2.495009081,457971.76,4614857.32,,,341,,no
286,pt0578,578,41.67968429,2.468882369,455794.1251,4614349.18,,,335,,no
287,pt0580,580,41.76231368,2.386991042,449043.4568,4623568.295,,,,,yes
288,pt0582,582,41.6627408,2.481228018,456810.3547,4612461.802,,,,,yes
289,pt0584,584,41.74167244,2.896992538,491434.7502,4621100.185,,,,,yes
290,pt0586,586,41.82605134,2.948429385,495717.4323,4630464.483,,,381,,no
291,pt0588,588,41.84762981,3.046344324,503847.2693,4632860.001,,,,,yes
292,pt0590,590,41.86372665,3.0090923,500754.6072,4634646.171,,,,,yes
293,pt0592,592,41.94430326,3.152375746,512630.3969,4643603.536,,,395,,no
294,pt0594,594,41.98489946,3.097267451,508057.3636,4648104.206,EDAR PERATALLADA,ES9179020202010E,,,no
295,pt0596,596,41.99791081,3.156009358,512920.7482,4649556.035,,,,,yes
296,pt0598,598,42.01014656,3.006590676,500545.7374,4650902.808,,,,,yes
297,pt0600,600,41.98101555,3.02278304,501887.3979,4647668.657,,,390,,no
298,pt0602,602,42.07320412,2.996491443,499709.763,4657904.052,,,398,,no
299,pt0604,604,42.0849706,2.978937862,498258.0063,4659210.698,,,397,,no
300,pt0606,606,42.06731788,2.978066295,498185.4185,4657250.729,,,399,,no
301,pt0608,608,42.0967073,2.912220539,492741.3312,4660517.344,,,401,,no
302,pt0610,610,42.05423456,2.953508543,496152.9592,4655798.9,EDAR FLA?Á?«,ES9170670003010E,402,,no
303,pt0612,612,42.05879282,2.920168348,493394.6217,4656307.04,,,404,,no
304,pt0614,614,42.05354028,2.892981301,491144.3989,4655726.308,,,405,,no
305,pt0616,616,42.05025734,2.878952117,489982.9936,4655363.351,,,,,yes
306,pt0618,618,42.0554524,2.849116096,487515.0073,4655944.083,,,409,,no
307,pt0620,620,42.10504839,2.79017771,482651.6226,4661461.033,,,411,,no
308,pt0622,622,41.99002919,2.819475103,485047.0211,4648684.937,,,,,yes
309,pt0624,624,41.98606043,2.792321439,482796.7983,4648249.389,,,438,,no
310,pt0626,626,41.93968736,2.82049281,485119.6089,4643095.395,,,418,,no
311,pt0628,628,41.90829177,2.812703792,484466.3184,4639611.006,EDAR RIUDELLOTS DE LA SELVA,ES9171500001010E,425,,no
312,pt0630,630,41.91752488,2.870449786,489257.1153,4640627.286,,,419,,no
313,pt0632,632,41.87367182,2.833798888,486208.4264,4635763.659,,,421,,no
314,pt0634,634,41.8711312,2.897659677,491507.338,4635473.293,,,,27,no
315,pt0636,636,41.84493653,2.858355306,488240.8856,4632569.635,,,430,,no
316,pt0638,638,41.81686303,2.896872142,491434.7502,4629448.202,,,431,,no
317,pt0640,640,41.87625049,2.810173018,484248.5549,4636054.025,,,428,,no
318,pt0642,642,41.83510015,2.836521388,486426.1899,4631480.763,,,429,,no
319,pt0644,644,41.88593825,2.748025261,479094.8189,4637142.896,EDAR VILOB?Ï D'ONYAR,ES9172330003010E,,,no
320,pt0646,646,41.95011809,2.802071877,483595.2644,4644256.859,,,435,,no
321,pt0648,648,41.97226548,2.759074569,480038.4607,4646724.968,EDAR BESCAN?Ù,ES9170200001010E,,,no
322,pt0650,650,41.99184734,2.744102527,478804.4676,4648902.712,,,440,,no
323,pt0652,652,42.05625077,2.626292681,469077.6982,4656089.266,,,,,yes
324,pt0654,654,41.97093916,2.750318779,479312.5824,4646579.785,,,,,yes
325,pt0656,656,41.97402206,2.675836483,473142.6167,4646942.742,,,443,,no
326,pt0658,658,41.96682031,2.672368908,472852.2654,4646144.236,,,615,,no
327,pt0660,660,41.97518064,2.626766993,469077.6982,4647087.925,,,445,,no
328,pt0662,662,41.98498186,2.624957214,468932.5225,4648176.797,,,,,yes
329,pt0664,664,41.95093485,2.6102682,467698.5294,4644402.042,,,,,yes
330,pt0666,666,42.03776788,2.575535301,464867.604,4654056.705,,,,,yes
331,pt0668,668,42.07025014,2.522672501,460512.3341,4657686.278,,,451,,no
332,pt0670,670,42.09824984,2.496127783,458334.6992,4660807.71,,,450,,no
333,pt0672,672,41.90145767,2.496802796,458262.1113,4638957.683,EDAR SANT HILARI SACALM,ES9171640001010E,447,,no
334,pt0674,674,41.93239523,2.403751662,450567.8012,4642442.072,,,,,yes
335,pt0676,676,41.85112491,2.366906207,447446.5245,4633440.732,,,460,,no
336,pt0678,678,41.97110698,2.311402792,442946.079,4646797.56,,,463,,no
337,pt0680,680,41.95583841,2.273904963,439824.8022,4645127.956,,,467,,no
338,pt0682,682,41.87784882,2.245045324,437356.816,4636489.573,,,472,,no
339,pt0684,684,41.8634256,2.23909281,436848.7011,4634892.561,EDAR TONA,ES9082830001010E,471,,no
340,pt0686,686,42.00862894,2.247883846,437719.7551,4651007.864,,,475,,no
341,pt0688,688,42.09468791,2.313578636,443236.4303,4660517.344,,,,7,no
342,pt0690,690,42.096762,2.228409487,436195.4107,4660807.71,EDAR SANT QUIRZE DE BESORA,ES9082360001010E,483,,no
343,pt0692,692,42.11231406,2.208026527,434525.8905,4662549.905,,,484,,no
344,pt0694,694,42.1870882,2.244013928,437574.5794,4670825.331,,,,,yes
345,pt0696,696,42.18873905,2.198282488,433800.0122,4671043.105,,,,,yes
346,pt0698,698,42.16880553,2.153715689,430098.0328,4668865.361,,,,,yes
347,pt0700,700,42.22122476,2.16972692,431477.2016,4674672.678,,,490,,no
348,pt0702,702,42.23521215,2.116760658,427121.9318,4676269.69,,,491,,no
349,pt0704,704,42.299657,2.166936024,431332.026,4683383.652,EDAR RIBES DE FRESER,ES9171450005010E,,,no
350,pt0706,706,42.35393971,2.169744944,431622.3773,4689408.743,,,497,,no
351,pt0708,708,42.38698368,2.220455944,435832.4715,4693038.315,,,,,yes
352,pt0710,710,42.31929073,2.005475168,418048.4529,4685706.578,,,496,,no
353,pt0712,712,42.22173572,2.243600731,437574.5794,4674672.678,,,499,,no
354,pt0714,714,42.23902517,2.289142369,441349.1467,4676560.055,,,501,,no
355,pt0716,716,42.25368683,2.335616456,445196.3017,4678157.067,,,502,,no
356,pt0718,718,42.38146793,2.38893996,449696.7473,4692312.401,,,,,yes
357,pt0720,720,42.39073739,2.295369883,442002.4372,4693401.272,,,,,yes
358,pt0722,722,42.08810593,2.823585747,485409.9602,4659573.655,,,,,yes
359,pt0724,724,42.16145889,2.958702348,496588.4862,4667703.898,,,,,yes
360,pt0726,726,42.16601246,2.916518626,493104.2703,4668212.038,,,573,,no
361,pt0728,728,42.16795493,2.893667463,491216.9867,4668429.813,,,571,,no
362,pt0730,730,42.17507433,2.833012052,486208.4264,4669228.319,,,568,,no
363,pt0732,732,42.18671485,2.760899157,480256.2242,4670534.965,,,,,yes
364,pt0734,734,42.16027147,2.647648335,470892.394,4667631.307,,,565,,no
365,pt0736,736,42.127685,2.682958353,473795.9072,4664001.734,,,561,,no
366,pt0738,738,42.15491003,2.607261997,467553.3537,4667050.575,,,563,,no
367,pt0740,740,42.20096688,2.704573488,475610.603,4672131.977,,,618,,no
368,pt0742,742,42.2111493,2.611310733,467916.2929,4673293.44,,,,,yes
369,pt0744,744,42.2993336,2.589634084,466174.1849,4683093.286,,,,3,no
370,pt0746,746,42.26415294,2.46136413,455576.3616,4679245.939,,,551,,no
371,pt0748,748,42.29718175,2.539454721,462036.6786,4682875.512,,,,,yes
372,pt0750,750,42.29888698,2.436134542,453521.0974,4683116.092,,,,,yes
373,pt0752,752,42.21755586,2.574333373,464867.604,4674019.355,,,,,yes
374,pt0754,754,42.24738715,2.513352667,459853.46,4677358.561,,,,,yes
375,pt0756,756,42.1098039,2.449503067,454487.5441,4662114.356,,,531,,no
376,pt0758,758,42.0928519,2.459304946,455286.0103,4660226.978,,,,,yes
377,pt0760,760,42.18674163,2.407520764,451075.9161,4670680.148,,,,,yes
378,pt0762,762,42.21602572,2.381742943,448970.8689,4673946.763,,,539,,no
379,pt0764,764,42.27587007,3.043135621,503556.918,4680407.402,,,,,yes
380,pt0766,766,42.24381755,2.923454889,493684.973,4676850.421,,,528,,no
381,pt0768,768,42.27906548,2.845093459,487227.2132,4680772.917,,,,,yes
382,pt0770,770,42.30949257,2.704066543,475610.603,4684182.158,,,,,yes
383,pt0772,772,42.30399013,3.008808208,500725.9926,4683528.835,,,,,yes
384,pt0774,774,42.431464,2.950583377,495935.1957,4697684.168,,,,,yes
385,pt0776,776,42.37519992,2.891555198,491071.8111,4691441.303,,,,,yes
386,pt0778,778,42.39213296,2.83684744,486571.3655,4693328.681,,,,,yes
387,pt0780,780,42.43465863,2.860564926,488531.237,4698047.126,,,520,,no
388,pt0782,782,42.28235435,3.118852782,509799.4715,4681133.317,,,,,yes
389,pt0784,784,42.31163599,3.214032999,517638.9573,4684399.932,,,,,yes
390,pt0786,786,41.45059106,2.200485154,433219.3096,4589087.354,,,,,yes
391,pt0788,788,41.47470883,2.189756593,432348.2556,4591773.238,EDAR MONTCADA,ES9081250002010E,290,,no
392,pt0790,790,41.52467143,2.136932259,427992.9857,4597362.78,EDAR SABADELL/RIU RIPOLL,ES9081870004010E,291,,no
393,pt0792,792,41.69698739,2.283802748,440405.5049,4616381.741,,,,,yes
394,pt0794,794,41.74720203,2.263165384,438735.9847,4621971.283,EDAR AIGUAFREDA,ES9080140001010E,314,,no
395,pt0796,796,41.76484851,2.262090248,438663.3969,4623931.252,,,,,yes
396,pt0798,798,41.79408586,2.690010238,474244.7708,4626960.659,,,,,yes
397,pt0800,800,41.8132869,2.715100982,476336.4813,4629085.245,,,374,,no
398,pt0802,802,41.66922323,2.468968362,455794.1251,4613187.717,EDAR VILALBA SASSERRA,ES9083060001010E,332,,no
399,pt0804,804,41.98035661,3.041183187,503411.7424,4647596.066,,,,,yes
400,pt0806,806,41.93655497,3.028896471,502395.5127,4642732.438,,,387,,no
401,pt0808,808,42.10114136,2.798969282,483377.5009,4661025.484,,,,,yes
402,pt0810,810,41.87798972,2.170685691,431186.8503,4636562.165,,,,,yes
403,pt0812,812,41.9286004,2.208552057,434380.7149,4642151.707,,,469,,no
404,pt0814,814,42.30671417,2.241810716,437510.8288,4684109.566,,,,,yes
405,pt0816,816,42.31600596,2.167601258,431404.6138,4685198.438,,,493,,no
406,pt0818,818,42.36871161,2.978843332,498258.0063,4690715.389,,,518,,no
407,pt0820,820,42.37172537,3.007936038,500653.4048,4691049.839,,,,,yes
408,pt0822,822,42.33275561,3.013217637,501088.9318,4686722.859,,,,,yes
409,pt0824,824,42.38700793,3.05026636,504137.6207,4692747.949,,,,,yes
410,pt0826,826,42.15560075,2.456135283,455068.2468,4667195.758,,,533,,no
411,pt0828,828,42.21582036,2.471449021,456374.8277,4673874.172,,,541,,no
412,pt0830,830,41.69434025,2.736562047,478078.5893,4615873.601,EDAR TORDERA,ES9082840001030E,331,,no
413,pt0832,832,41.7028177,2.726930724,477280.1231,4616817.289,,,362,,no
414,pt0834,834,41.86587992,2.593292363,466246.7728,4634965.153,,,,,yes
415,pt0836,836,41.73195482,2.625559879,468859.9347,4620083.905,,,,,yes
416,pt0838,838,41.72326283,2.570629958,464286.9013,4619140.216,,,355,,no
417,pt0840,840,41.70475932,2.52102323,460149.395,4617107.655,,,345,,no
418,pt0842,842,41.85676452,3.080457182,506678.1948,4633876.281,,,384,,no
419,pt0844,844,42.03066045,3.103475477,508565.4784,4653185.607,,,,,yes
420,pt0846,846,41.92897223,3.054412423,504511.3154,4641891.574,,,,,yes
421,pt0848,848,41.87330496,2.357939982,446720.6462,4635908.842,,,461,,no
422,pt0850,850,41.92047963,2.265552155,439098.9239,4641208.018,,,470,,no
423,pt0852,852,42.13060637,2.206042153,434380.7149,4664582.466,,,485,,no
424,pt0854,854,42.21053947,2.624505185,469005.1104,4673220.849,EDAR SANT JAUME DE LLIERCA,ES9171650003010E,,,no
425,pt0856,856,42.21605501,2.52509388,460802.6854,4673874.172,EDAR SANT JOAN LES FONTS,ES9171850006010E,544,,no
426,pt0858,858,42.23795225,2.960412036,496733.6619,4676197.098,,,507,,no
427,pt0860,860,42.2752223,2.977994349,498185.4185,4680334.811,EDAR FIGUERES,ES9170660001010E,525,,no
428,pt0862,862,42.32994796,2.789431879,482651.6226,4686432.493,,,,2,no
429,pt0864,864,42.37562767,2.747840305,479239.9946,4691513.895,,,,,yes
430,pt0866,866,41.78628081,2.240005715,436848.7011,4626326.77,,,608,,no
431,pt0868,868,42.00744679,3.187300788,515510,4650620,,,,,yes
432,pt0870,870,42.02536816,3.15783012,513065.9239,4652604.876,EDAR TORROELLA DE MONTGR?Ï,ES9171990004020E,,,no
433,pt0872,872,42.17974449,3.079986378,506605.6069,4669736.459,,,,,yes
434,pt0874,874,42.20850654,3.086178135,507113.7218,4672930.483,,,509,,no
435,pt0876,876,41.984124,2.301623754,442147.6128,4648249.389,,,,,yes
436,pt0878,878,41.98309952,2.349828138,446139.9435,4648104.206,,,,,yes
437,pt0880,880,41.98482716,2.580268469,465230.5431,4648176.797,,,452,,no
438,pt0882,882,41.98004639,2.527727772,460875.2733,4647668.657,,,453,,no
439,pt0884,884,41.94309641,3.008758362,500725.9926,4643458.353,,,,,yes
440,pt0886,886,42.21140511,3.069369053,505725.9255,4673251.055,,,,,yes
441,pt0888,888,42.02480089,3.071023689,505879.7286,4652532.284,,,371,,no
442,pt0890,890,41.98950961,3.04206542,503484.3302,4648612.346,,,388,,no
443,pt0892,892,42.31312052,3.072227758,505952.3165,4684545.115,,,516,,no
444,pt0894,894,42.34843765,3.045829107,503774.6815,4688465.054,,,,,yes
445,pt0896,896,42.20098478,2.711607399,476191.3057,4672131.977,EDAR BESAL?‹,ES9170190001010E,557,,no
446,pt0898,898,42.02935896,3.096458317,507984.7757,4653040.425,,,392,,no
447,pt0900,900,41.72643846,2.337967926,444937.7328,4619615.459,,,,,yes
448,pt0902,902,41.69081695,2.095148135,424700.2941,4615844.399,,,,,yes
449,pt0904,904,42.12154378,2.322070285,443962.3086,4663493.594,,,477,,no
450,pt0906,906,42.06356088,2.249867877,437937.5186,4657105.546,,,481,,no
451,pt0908,908,41.99317957,2.285749972,440841.0319,4649265.669,EDAR MANLLEU,ES9081120001010E,473,,no
452,pt0910,910,41.77536392,2.518751459,460004.2193,4624947.532,,,359,,no
453,pt0912,912,41.82746485,2.47203326,456157.0642,4630754.848,,,347,,no
454,pt0914,914,41.86069046,2.923950328,493688.0283,4634311.83,,,,,yes
455,pt0916,916,42.31697867,2.587757739,466029.0093,4685053.255,,,549,,no
456,pt0918,918,42.29483601,3.019373587,501597.0466,4682512.555,EDAR PERALADA,ES9171320001010E,,,no
457,pt0920,920,41.65164209,2.660894854,471763.448,4611155.156,,,,,yes
458,pt0922,922,41.66628581,2.7645784,480401.3999,4612752.168,,,,,yes
459,pt0924,924,41.81821507,2.979025496,498258.0063,4629593.385,,,,,yes
460,pt0926,926,41.89264961,3.154002935,512775.5726,4637868.811,,,,,yes
461,pt0928,928,41.93624216,2.276754085,440042.5657,4642950.213,,,468,,no
462,pt0930,930,41.77765931,2.931872734,494338.2635,4625092.715,,,,,yes
463,pt0932,932,41.48266386,2.11575345,426178.2899,4592716.927,,,287,,no
464,pt0934,934,41.51852776,2.103086292,425162.0603,4596709.457,EDAR SABADELL/RIU SEC,ES9081870001010E,127,,no
465,pt0936,936,41.50489289,2.205036041,433654.8366,4595112.445,"EDAR LLAGOSTA, LA",ES9081050001010E,,,no
466,pt0938,938,41.58050632,2.085684558,423782.8915,4603605.645,,,292,,no
467,pt0940,940,41.63328608,2.063152062,421968.1957,4609485.553,,,294,,no
468,pt0942,942,41.66325884,2.050511344,420951.9661,4612824.76,,,295,,no
469,pt0944,944,41.68553677,2.056289136,421460.0809,4615292.869,,,,,yes
470,pt0946,946,41.5430489,2.146260866,428791.4519,4599395.341,,,297,,no
471,pt0948,948,41.58378718,2.173590517,431114.2625,4603896.011,,,301,,no
472,pt0950,950,41.64706451,2.153605676,429517.3302,4610937.382,,,,19,no
473,pt0952,952,41.64413375,2.111805955,426033.1143,4610647.016,,,,,yes
474,pt0954,954,41.54639199,2.250654576,437501.9916,4599685.706,,,,,yes
475,pt0956,956,41.56940937,2.271283632,439244.0996,4602226.407,EDAR GRANOLLERS,ES9080960001010E,,,no
476,pt0958,958,41.66909033,2.21697064,434816.2419,4613332.9,EDAR BIGUES I RIELLS,ES9080230004010E,308,,no
477,pt0960,960,41.71466738,2.189367673,432566.0191,4618414.301,,,309,,no
478,pt0962,962,41.66366565,2.287659709,440695.8562,4612679.577,"EDAR GARRIGA, LA",ES9080880001010E,312,,no
479,pt0964,964,41.80761127,2.304418027,442220.2006,4628649.696,,,,,yes
480,pt0966,966,41.79278956,2.235560627,436485.762,4627052.684,EDAR CENTELLES,ES9080670001010E,,,no
481,pt0968,968,41.79332993,2.23482562,436425.2268,4627113.223,,,315,,no
482,pt0970,970,41.59328104,2.325884806,443817.1329,4604839.7,,,318,,no
483,pt0972,972,41.60581913,2.345789968,445486.6531,4606218.937,,,320,,no
484,pt0974,974,41.63289275,2.394319208,449551.5716,4609195.187,,,323,,no
485,pt0976,976,41.669961,2.357348679,446502.8827,4613332.9,,,321,,no
486,pt0978,978,41.72021966,2.342012964,445268.8896,4618922.442,,,322,,no
487,pt0980,980,41.5727233,2.391398935,449261.2203,4602516.773,,,,,yes
488,pt0982,982,41.59967844,2.419889879,451656.6187,4605493.023,EDAR CAN MASSUET- EL FAR,ES9080750005010E,327,,no
489,pt0984,984,41.62246242,2.570427973,464214.3135,4607949.149,,,,,yes
490,pt0986,986,41.6535117,2.656631927,471409.3094,4611364.129,,,,,yes
491,pt0988,988,41.68652913,2.752293684,479385.1702,4615002.503,,,330,,no
492,pt0990,990,41.7393486,2.693604929,474521.7855,4620882.411,EDAR MA?ÁANET RESIDENCIAL,ES9171030007010E,,,no
493,pt0992,992,41.71650538,2.709420505,475828.3665,4618341.71,,,,,yes
494,pt0994,994,41.79860976,2.614687409,467988.8807,4627488.233,,,363,,no
495,pt0996,996,41.82417162,2.633826719,469591.0369,4630319.3,,,,,yes
496,pt0998,998,41.8523916,2.668581212,472489.3263,4633440.732,EDAR SANTA COLOMA DE FARNERS,ES9171800004010E,376,,no
497,pt1000,1000,41.86689655,2.559396417,463434.2749,4635091.907,,,,,yes
498,pt1002,1002,41.75998078,2.599200941,466682.2998,4623205.337,,,,,yes
499,pt1004,1004,41.72858211,2.59503228,466319.3606,4619720.948,,,354,,no
500,pt1006,1006,41.75260783,2.550353116,462617.3812,4622406.831,,,358,,no
501,pt1008,1008,41.67559753,2.588388106,465738.658,4613841.04,,,,,yes
502,pt1010,1010,41.76861461,2.47076944,456011.8886,4624221.618,,,,21,no
503,pt1012,1012,41.6922815,2.508031541,459060.5775,4615728.418,EDAR SANT CELONI,ES9082020006010E,340,,no
504,pt1014,1014,41.64781797,2.507498275,458987.9897,4610792.199,,,333,,no
505,pt1016,1016,41.77716906,2.353659198,446285.1192,4625237.898,,,,,yes
506,pt1018,1018,41.78860685,2.41382182,451293.6795,4626471.953,,,336,,no
507,pt1020,1020,41.75997902,2.896090063,491362.1624,4623132.746,,,,,yes
508,pt1022,1022,41.7659566,2.929169812,494112.5663,4623793.609,,,,,yes
509,pt1024,1024,41.81884267,2.919593054,493322.0338,4629665.977,,,380,,no
510,pt1026,1026,41.80709806,3.029712068,502468.1006,4628359.33,,,382,,no
511,pt1028,1028,41.89722278,3.156639135,512993.3361,4638376.951,,,386,,no
512,pt1030,1030,41.97708905,3.036800262,503048.8032,4647233.108,"EDAR BISBAL D'EMPORD?«, LA",ES9170220001010E,389,,no
513,pt1032,1032,41.94113073,2.967601535,497314.3645,4643240.578,,,,,yes
514,pt1034,1034,41.92748328,2.935344442,494639.3052,4641726.849,,,,,yes
515,pt1036,1036,42.07900981,2.865734024,488894.1761,4658557.375,,,407,,no
516,pt1038,1038,42.0410864,2.863182763,488676.4126,4654347.071,EDAR CELR?«,ES9170490001010E,,,no
517,pt1040,1040,42.0881139,2.828851862,485845.4872,4659573.655,EDAR BANYOLES,ES9170150001010E,408,,no
518,pt1042,1042,42.07163734,2.756066756,479820.6972,4657758.869,,,410,,no
519,pt1044,1044,42.09724235,2.813026642,484538.9062,4660589.936,,,413,,no
520,pt1046,1046,41.87106156,2.837304506,486498.7777,4635473.293,EDAR CASS?« DE LA SELVA,ES9170440001010E,433,,no
521,pt1048,1048,41.87683597,2.772555205,481127.2782,4636126.616,,,423,,no
522,pt1050,1050,42.01761433,2.759464621,480084.9206,4651759.908,,,,,yes
523,pt1052,1052,42.03872413,2.718665877,476714.6989,4654114.017,,,,,yes
524,pt1054,1054,42.06210594,2.617485051,468351.8199,4656742.589,,,441,,no
525,pt1056,1056,42.09585279,2.581460352,465389.5783,4660503.484,,,,,yes
526,pt1058,1058,42.01534161,2.725597925,477280.1231,4651516.004,,,,,yes
527,pt1060,1060,41.97089767,2.731921302,477788.2379,4646579.785,,,442,,no
528,pt1062,1062,41.96221323,2.661881009,471981.2114,4645636.096,EDAR ANGL?ÍS,ES9170080001010E,444,,no
529,pt1064,1064,41.95021715,2.591880909,466174.1849,4644329.45,,,446,,no
530,pt1066,1066,41.8987724,2.481072281,456955.5304,4638667.317,,,,,yes
531,pt1068,1068,41.89619005,2.475918241,456526.2558,4638383.204,,,,,yes
532,pt1070,1070,41.98556199,2.603046861,467117.8268,4648249.389,,,,4,no
533,pt1072,1072,42.0533652,2.550869619,462835.1447,4655798.9,"EDAR PLANES D'HOSTOLES, LES",ES9171330008010E,449,,no
534,pt1074,1074,42.0255381,2.465136646,455721.5373,4652750.059,,,594,,no
535,pt1076,1076,41.8975961,2.376073203,448244.9906,4638594.725,,,462,,no
536,pt1078,1078,41.82643176,2.395120779,449769.3351,4630682.257,,,,,yes
537,pt1080,1080,42.02964854,2.373029736,448099.815,4653258.199,,,,,yes
538,pt1082,1082,41.97762881,2.308704042,442728.3155,4647523.474,EDAR RODA DE TER,ES9081830001010E,,,no
539,pt1084,1084,41.87082365,2.174277133,431477.2016,4635763.659,,,,,yes
540,pt1086,1086,42.02808605,2.149613965,429603.7563,4653244.36,,,,,yes
541,pt1088,1088,42.04464791,2.257107076,438518.2213,4655000.394,,,,5,no
542,pt1090,1090,42.08709697,2.35754397,446865.8218,4659646.247,,,478,,no
543,pt1092,1092,42.11120498,2.273890376,439969.9779,4662378.386,,,,,yes
544,pt1094,1094,42.10915893,2.148516596,429602.5524,4662246.904,,,,,yes
545,pt1096,1096,42.16280434,2.137978863,428791.4519,4668212.038,,,,,yes
546,pt1098,1098,42.1950077,2.255348626,438518.2213,4671696.428,,,486,,no
547,pt1100,1100,42.19784796,2.192012966,433291.8974,4672059.385,,,488,,no
548,pt1102,1102,42.24599203,2.074376808,423637.7159,4677503.744,,,,,yes
549,pt1104,1104,42.42766422,2.256725834,438857.5342,4697528.639,,,508,,no
550,pt1106,1106,42.38199229,2.365127178,447736.8758,4692384.992,,,,,yes
551,pt1108,1108,42.17844271,3.071195359,505879.7286,4669591.276,,,577,,no
552,pt1110,1110,42.16471152,2.926186562,493902.7365,4668066.855,,,574,,no
553,pt1112,1112,42.20317919,2.827662383,485772.8994,4672349.751,,,569,,no
554,pt1114,1114,42.14045607,2.587147894,465883.8336,4665453.563,,,562,,no
555,pt1116,1116,42.19635099,2.689648845,474376.6099,4671623.837,,,555,,no
556,pt1118,1118,42.28460166,2.665365755,472410.2059,4681430.216,,,,,yes
557,pt1120,1120,42.30812563,2.498861062,458697.6383,4684109.566,,,,,yes
558,pt1122,1122,42.30743306,2.490059287,457971.76,4684036.975,,,552,,no
559,pt1124,1124,42.21878654,2.554096729,463198.0839,4674164.537,EDAR BEGUD?«,ES9171850001010E,,,no
560,pt1126,1126,42.18853421,2.510355664,459568.6923,4670825.331,,,538,,no
561,pt1128,1128,42.19051794,2.399715874,450434.3737,4671103.948,,,,,yes
562,pt1130,1130,42.08700085,2.466376,455866.7129,4659573.655,,,,,yes
563,pt1132,1132,42.30789746,2.940111299,495064.1418,4683964.384,,,522,,no
564,pt1134,1134,42.33867787,2.667697915,472625.9295,4687433.818,,,,,yes
565,pt1136,1136,42.38599363,2.708116632,475973.5422,4692675.358,,,,,yes
566,pt1138,1138,42.37358368,2.819686136,485154.4965,4691271.891,,,,,yes
567,pt1140,1140,42.3895749,2.883593561,490418.5206,4693038.315,,,521,,no
568,pt1142,1142,42.39283695,2.830920827,486083.7178,4693407.804,,,,,yes
569,pt1144,1144,42.41120746,3.012351916,501016.3439,4695433.833,,,517,,no
570,pt1146,1146,42.39887682,3.053665295,504416.5681,4694066,,,,,yes
571,pt1148,1148,42.44200022,2.937447329,494855.5414,4698854.795,,,,,yes
572,pt1150,1150,42.28563116,3.110935105,509146.181,4681496.274,EDAR PALAU-SAVERDERA,ES9171200001010E,,,no
573,pt1152,1152,42.3490906,3.047828454,503939.3155,4688537.645,,,,,yes
574,pt1154,1154,42.35994016,3.098412155,508104.1689,4689745.916,,,,,yes
575,pt1156,1156,42.29771545,3.233721648,519265.7893,4682858.535,,,,,yes
576,pt1158,1158,41.74581908,2.669129862,472489.3263,4621608.325,,,,,yes
577,pt1160,1160,41.74251412,2.656925306,471473.0966,4621245.368,,,360,,no
578,pt1162,1162,41.73325962,2.624679461,468787.3469,4620229.088,EDAR HOSTALRIC,ES9170830001010E,,,no
579,pt1164,1164,42.27913928,3.042257515,503484.3302,4680770.36,,,,1,no
580,pt1166,1166,41.84468161,2.272540129,439607.0387,4632787.409,EDAR SEVA,ES9082690001010E,,,no
581,pt1168,1168,42.00519183,2.937766377,494846.3783,4650354.541,,,403,,no
582,pt1170,1170,41.95054139,2.263455573,438953.7482,4644547.225,,,466,,no
583,pt1172,1172,41.80325614,2.342037879,445341.4774,4628141.556,,,,,yes
584,pt1174,1174,41.65828612,2.118704273,426623.66,4612212.368,,,,,yes
585,pt1176,1176,41.7781685,2.444274973,453816.5916,4625296.228,,,,,yes
586,pt1178,1178,41.80216044,2.414459887,451356.9472,4627976.385,,,,,yes
587,pt1180,1180,41.77466256,2.463843866,455440.4389,4624896.656,,,342,,no
588,pt1182,1182,41.80261733,2.344665744,445559.2409,4628068.965,,,,,yes
589,pt1184,1184,42.00374184,3.165976794,513745,4650205,,,396,,no
590,pt1186,1186,41.99754149,3.155818308,512905,4649515,EDAR PALS,ES9171240005010E,,,no
591,pt1188,1188,42.00980969,3.17384234,514395,4650880,,,,,yes
592,pt1190,1190,42.38381964,2.940332959,495088.3239,4692394.433,,,,,yes
593,pt1192,1192,42.33600076,2.925105455,493830.1486,4687085.816,,,,,yes
594,pt1194,1194,41.74190862,2.673514727,472852.2654,4621172.777,,,,,yes
595,pt1196,1196,41.73953997,2.67714835,473153.4204,4620908.66,,,,,yes
596,pt1198,1198,41.80018848,2.706421519,475610.603,4627633.416,,,,,yes
597,pt1200,1200,41.79915569,2.743945463,478727.6123,4627508.785,,,,,yes
598,pt1202,1202,41.78594079,2.765888298,480546.5755,4626036.404,EDAR TERRAFORTUNA,ES9172130009010E,372,,no
599,pt1204,1204,41.77462924,2.787764494,482361.2713,4624775.825,,,,,yes
600,pt1206,1206,41.78598483,2.788600604,482433.8591,4626036.404,,,370,,no
601,pt1208,1208,42.21348942,3.05256758,504338.9398,4673481.49,,,512,,no
602,pt1210,1210,42.18741453,3.038621536,503189.1411,4670585.708,,,,,yes
603,pt1212,1212,42.22292018,2.978892074,498258.0063,4674527.495,,,511,,no
604,pt1214,1214,42.2104722,3.005333449,500440.245,4673145.156,,,510,,no
605,pt1216,1216,42.27919277,2.877634585,489910.4058,4680782.683,,,,,yes
606,pt1218,1218,42.27690563,2.746524541,479099.0155,4680552.585,,,,,yes
607,pt1220,1220,42.24580816,1.975835179,415507.8788,4677576.336,,,284,,no
608,pt1222,1222,42.25955101,1.977372894,415653.0544,4679100.756,,,,,yes
609,pt1224,1224,42.2677794,1.813529762,402151.7178,4680189.628,,,283,,no
610,pt1226,1226,42.27138771,1.783534964,399683.7316,4680625.177,,,,,yes
611,pt1228,1228,42.26815585,1.850489649,405200.4067,4680189.628,,,,,yes
612,pt1230,1230,42.07286062,1.868937552,406434.3999,4658484.784,EDAR BERGA,ES9080220001010E,,,no
613,pt1232,1232,42.08472144,1.878380763,407232.866,4659791.43,,,,,yes
614,pt1234,1234,42.10566463,1.880645384,407450.6295,4662114.356,,,274,,no
615,pt1236,1236,42.01231705,1.650854602,388287.4421,4652024.144,,,229,,no
616,pt1238,1238,42.13613768,1.67282242,390319.9013,4665743.929,,,,,yes
617,pt1240,1240,42.06409694,1.662041398,389303.6717,4657758.869,,,,,yes
618,pt1242,1242,42.00755335,1.876231206,406942.5147,4651225.638,,,588,,no
619,pt1244,1244,42.12978015,1.941698271,412531.7777,4664727.649,,,,,yes
620,pt1246,1246,42.02958468,1.995974178,416887.0476,4653548.565,,,,,yes
621,pt1248,1248,42.01849289,1.858504323,405490.7581,4652459.693,,,,,yes
622,pt1250,1250,42.14050013,1.599825123,384295.1113,4666324.66,EDAR SANT LLOREN?Á DE MORUNYS,ES9251930001010E,238,,no
623,pt1252,1252,42.11432524,1.709276823,393296.0024,4663275.819,,,231,,no
624,pt1254,1254,42.14086837,1.938878421,412314.0142,4665961.703,,,,,yes
625,pt1256,1256,42.04232641,1.888774236,408031.3321,4655072.985,,,271,,no
626,pt1258,1258,42.14338925,2.001205463,417467.7502,4666179.478,,,277,,no
627,pt1260,1260,42.22516873,1.741324068,396126.9278,4675543.775,,,279,,no
628,pt1262,1262,42.0594983,1.840224582,404039.0014,4657032.954,,,,,yes
629,pt1264,1264,42.10788713,1.841098762,404184.1771,4662404.722,,,,,yes
630,pt1266,1266,42.18212492,1.58220665,382915.9425,4670970.513,,,,,yes
631,pt1268,1268,42.02436438,2.074968279,423419.9524,4652895.242,,,,,yes
632,pt1270,1270,42.0502804,1.900038574,408974.974,4655944.083,,,,,yes
633,pt1272,1272,42.06721703,1.893604519,408466.8591,4657831.46,,,,,yes
634,pt1274,1274,42.15495821,2.005416559,417830.6894,4667459.957,,,,,yes
635,pt1276,1276,41.76009668,1.911121086,409483.0888,4623713.477,,,,,yes
636,pt1278,1278,41.76231941,2.012376979,417903.2772,4623858.66,,,,,yes
637,pt1280,1280,41.78296013,1.908987316,409337.9131,4626254.178,,,,,yes
638,pt1282,1282,41.7875112,1.906289471,409120.1496,4626762.319,EDAR SALLENT/ART?ÎS,ES9081910004010E,,,no
639,pt1284,1284,41.79923632,1.901721509,408757.2105,4628068.965,,,,,yes
640,pt1286,1286,41.85917449,1.879707602,407015.1025,4634747.378,,,,,yes
641,pt1288,1288,41.90624908,1.87976008,407087.6903,4639973.963,,,586,,no
642,pt1290,1290,41.94024953,1.880040753,407160.2782,4643748.719,,,268,,no
643,pt1292,1292,41.95270373,1.883325979,407450.6295,4645127.956,EDAR PUIG-REIG,ES9081750001010E,,,no
644,pt1294,1294,41.75222543,1.778546157,398449.7384,4622987.563,,,,,yes
645,pt1296,1296,41.80306314,1.763600735,397288.3331,4628649.696,,,217,,no
646,pt1298,1298,41.78761051,1.916770517,409991.2036,4626762.319,,,251,,no
647,pt1300,1300,41.92065047,1.695680509,391844.2458,4641788.749,,,,,yes
648,pt1302,1302,41.93572483,1.885373404,407595.8052,4643240.578,,,,,yes
649,pt1304,1304,41.93231955,1.871424176,406434.3999,4642877.621,,,,,yes
650,pt1306,1306,41.94063227,1.670755408,389811.7865,4644039.084,,,,,yes
651,pt1308,1308,41.97127175,1.663110001,389231.0839,4647450.883,,,228,,no
652,pt1310,1310,41.9710631,1.538714809,378923.6118,4647596.066,,,233,,no
653,pt1312,1312,41.97153876,2.091502411,424726.5333,4647015.334,,,,,yes
654,pt1314,1314,41.99936608,2.056048388,421823.0201,4650136.766,,,,,yes
655,pt1316,1316,41.99761338,1.518826322,377326.6795,4650572.315,,,232,,no
656,pt1318,1318,41.87433769,2.037771319,420153.5,4636271.799,,,256,,no
657,pt1320,1320,41.7984894,1.962020232,413765.7708,4627923.782,,,,,yes
658,pt1322,1322,41.93259238,2.045651603,420879.3783,4642732.438,,,257,,no
659,pt1324,1324,41.84427213,1.705976407,392570.1241,4633295.549,,,,,yes
660,pt1326,1326,41.81484803,2.038662332,420153.5,4629665.977,,,,,yes
661,pt1328,1328,41.81084237,2.109506661,426033.1143,4629157.836,,,250,,no
662,pt1330,1330,41.7876888,1.857367018,405055.2311,4626834.91,,,,,yes
663,pt1332,1332,41.83270186,1.723692858,394021.8807,4631988.903,,,,,yes
664,pt1334,1334,41.81444341,2.007889774,417597.0549,4629650.105,,,,,yes
665,pt1336,1336,41.78119034,1.797212894,400046.6707,4626181.587,,,,,yes
666,pt1338,1338,41.85922719,1.69867868,391989.4214,4634965.153,,,,,yes
667,pt1340,1340,41.89640777,2.098693403,425234.6481,4638667.317,,,,,yes
668,pt1342,1342,41.83449463,1.896747894,408394.2713,4631988.903,,,,,yes
669,pt1344,1344,41.89912687,1.766028157,397643.2753,4639312.643,,,,,yes
670,pt1346,1346,41.89333614,1.896610776,408466.8591,4638522.134,,,,,yes
671,pt1348,1348,41.54658781,1.873806919,406071.4607,4600048.664,,,188,,no
672,pt1350,1350,41.5603757,1.879660986,406579.5755,4601573.084,,,,,yes
673,pt1352,1352,41.58629332,1.855700338,404619.7041,4604476.742,,,190,,no
674,pt1354,1354,41.59478305,1.854679432,404547.1162,4605420.431,,,,,yes
675,pt1356,1356,41.63924468,1.854764011,404619.7041,4610356.65,,,193,,no
676,pt1358,1358,41.65367845,1.859738826,405055.2311,4611953.662,,,604,,no
677,pt1360,1360,41.69432934,1.871233204,406071.4607,4616454.332,"EDAR PONT DE VILOMARA, EL",ES9081390002010E,,,no
678,pt1362,1362,41.52500608,1.873311253,405998.8729,4597653.146,,,186,,no
679,pt1364,1364,41.52432675,1.870713015,405781.1094,4597580.554,,,,,yes
680,pt1366,1366,41.68101267,1.847046738,404039.0014,4615002.503,,,,,yes
681,pt1368,1368,41.69603048,1.8450339,403893.8258,4616672.107,,,204,,no
682,pt1370,1370,41.70451263,1.843139208,403748.8145,4617615.96,EDAR MANRESA,ES9081130006010E,205,,no
683,pt1372,1372,41.73361614,1.81206618,401208.076,4620882.411,,,213,,no
684,pt1374,1374,41.70313325,1.836182648,403167.9475,4617470.613,,,206,,no
685,pt1376,1376,41.70168365,1.822250487,402006.5422,4617325.43,,,207,,no
686,pt1378,1378,41.70625957,1.822166969,402006.5422,4617833.57,,,,,yes
687,pt1380,1380,41.51663298,1.699476165,391481.3066,4596927.231,,,,,yes
688,pt1382,1382,41.5413745,1.690278197,390755.4283,4599685.706,,,154,,no
689,pt1384,1384,41.55113017,1.685729472,390392.4892,4600774.578,,,155,,no
690,pt1386,1386,41.73136369,1.723955559,393876.7051,4620737.228,,,209,,no
691,pt1388,1388,41.54170768,1.662424009,388432.6177,4599758.298,,,156,,no
692,pt1390,1390,41.53568223,1.650366054,387416.3881,4599104.975,,,157,,no
693,pt1392,1392,41.53343271,1.626049445,385383.9288,4598887.2,EDAR CARME,ES9080480001010E,,,no
694,pt1394,1394,41.74339201,1.873866076,406361.812,4621898.691,EDAR NAVARCLES/SANT FRUIT?ÙS/SANTPEDOR,ES9082130003010E,244,,no
695,pt1396,1396,41.75960559,1.86048493,405272.9946,4623713.477,,,245,,no
696,pt1398,1398,41.55624982,1.676051031,389594.023,4601355.31,,,158,,no
697,pt1400,1400,41.56340018,1.672422963,389303.6717,4602153.816,,,602,,no
698,pt1402,1402,41.56640503,1.649726776,387416.3881,4602516.773,EDAR IGUALADA,ES9083020001010E,,,no
699,pt1404,1404,41.58026624,1.60590058,383786.9965,4604113.785,,,164,,no
700,pt1406,1406,41.58748661,1.55523629,379576.9023,4604984.883,,,,,yes
701,pt1408,1408,41.59907623,1.541041809,378415.497,4606291.529,,,169,,no
702,pt1410,1410,41.613312,1.529395544,377471.8552,4607888.541,,,168,,no
703,pt1412,1412,41.68865418,1.826849278,402369.4813,4615873.601,,,,,yes
704,pt1414,1414,41.53689987,1.955771757,412894.7168,4598887.2,,,177,,no
705,pt1416,1416,41.58062137,1.635498557,386254.9828,4604113.785,,,162,,no
706,pt1418,1418,41.68616561,1.776307868,398159.3871,4615655.826,,,202,,no
707,pt1420,1420,41.70418635,1.876295379,406506.9877,4617543.204,,,,,yes
708,pt1422,1422,41.55006143,1.965133883,413693.183,4600339.03,EDAR VILADECAVALLS (EST),ES9083000004010E,179,,no
709,pt1424,1424,41.68667926,1.763215299,397070.5696,4615728.418,,,201,,no
710,pt1426,1426,41.56253739,1.971028503,414201.2978,4601718.267,,,180,,no
711,pt1428,1428,41.60942405,1.638376262,386545.3341,4607307.809,,,163,,no
712,pt1430,1430,41.6415226,1.886972253,407305.4538,4610574.424,,,194,,no
713,pt1432,1432,41.55286585,1.784047864,398594.9141,4600847.17,,,183,,no
714,pt1434,1434,41.67283871,1.753016296,396199.5157,4614203.997,,,200,,no
715,pt1436,1436,41.64631334,1.84243577,403603.4744,4611155.156,,,,,yes
716,pt1438,1438,41.65364327,1.731593099,394384.8199,4612098.845,,,199,,no
717,pt1440,1440,41.57317991,1.919490309,409918.6158,4602952.322,EDAR VACARISSES,ES9082910001010E,175,,no
718,pt1442,1442,41.57880996,1.764405093,396997.9818,4603750.828,,,184,,no
719,pt1444,1444,41.53202043,1.791399227,399175.6167,4598524.243,"EDAR HOSTALETS DE PIEROLA, ELS",ES9081620002010E,181,,no
720,pt1446,1446,41.53013931,1.401982034,366684.7271,4598843.069,,,,,yes
721,pt1448,1448,41.58210677,1.441242537,370064.301,4604552.929,,,,,yes
722,pt1450,1450,41.59859394,1.703308239,391937.7077,4606022.038,,,,,yes
723,pt1452,1452,41.63902518,1.899216935,408321.6835,4610284.059,,,,,yes
724,pt1454,1454,41.63907507,1.994440349,416252.497,4610192.726,,,,,yes
725,pt1456,1456,41.31333018,2.118045753,426178.2899,4573915.741,,,96,,no
726,pt1458,1458,41.32701343,2.111789551,425670.1751,4575440.161,,,,,yes
727,pt1460,1460,41.44366132,1.985073932,415217.5274,4588506.623,,,111,,no
728,pt1462,1462,41.46771152,1.969052344,413910.9465,4591192.506,,,118,,no
729,pt1464,1464,41.47916223,1.934094625,411007.4332,4592499.153,,,,,yes
730,pt1466,1466,41.49475508,1.923403637,410136.3793,4594241.347,,,172,,no
731,pt1468,1468,41.50255928,1.918925779,409773.4401,4595112.445,,,,,yes
732,pt1470,1470,41.51104162,1.917044991,409628.2644,4596056.134,,,,13,no
733,pt1472,1472,41.47780627,1.928900519,410571.9062,4592353.97,,,,,yes
734,pt1474,1474,41.46849057,1.911668623,409120.1496,4591337.689,,,121,,no
735,pt1476,1476,41.46042119,1.8883364,407160.2782,4590466.592,,,122,,no
736,pt1478,1478,41.45039449,1.865913103,405272.9946,4589377.72,,,129,,no
737,pt1480,1480,41.44437294,1.852114956,404111.5893,4588724.397,,,,,yes
738,pt1482,1482,41.43041688,1.829773322,402224.3056,4587199.977,,,134,,no
739,pt1484,1484,41.43271852,1.799324646,399683.7316,4587490.342,,,143,,no
740,pt1486,1486,41.44372257,1.788694669,398812.6776,4588724.397,,,,,yes
741,pt1488,1488,41.4430322,1.78523184,398522.3263,4588651.806,,,144,,no
742,pt1490,1490,41.45078478,1.776397,397796.4479,4589522.903,,,141,,no
743,pt1492,1492,41.45982544,1.765797365,396925.394,4590539.183,,,150,,no
744,pt1494,1494,41.49466068,1.722525552,393368.5902,4594459.122,EDAR PIERA,ES9081610008010E,,,no
745,pt1496,1496,41.31018419,1.35499842,362300.9985,4574496.472,,,58,,no
746,pt1498,1498,41.44898299,1.995419045,416088.5814,4589087.354,,,,,yes
747,pt1500,1500,41.50225887,2.031993869,419209.8582,4594967.262,,,116,,no
748,pt1502,1502,41.50750366,2.033655321,419355.0338,4595547.994,,,,,yes
749,pt1504,1504,41.52167926,1.802901293,400119.2585,4597362.78,,,182,,no
750,pt1506,1506,41.31932586,1.180452203,347710.8444,4575803.118,,,42,,no
751,pt1508,1508,41.29828005,1.64573564,386617.9219,4572754.277,,,70,,no
752,pt1510,1510,41.29181546,1.597322987,382553.0034,4572100.954,,,67,,no
753,pt1512,1512,41.44236012,1.783506558,398377.1506,4588579.214,,,,,yes
754,pt1514,1514,41.44190206,1.740938943,394820.3469,4588579.214,,,145,,no
755,pt1516,1516,41.31352807,1.66363102,388142.2664,4574423.881,,,71,,no
756,pt1518,1518,41.44381557,1.73655732,394457.4077,4588796.989,,,601,,no
757,pt1520,1520,41.38804731,1.143810809,344807.3312,4583497.812,,,45,,no
758,pt1522,1522,41.45828613,1.685867634,390247.3135,4590466.592,,,147,,no
759,pt1524,1524,41.42368359,1.810783696,400627.3734,4586474.062,EDAR SANT SADURN?Ï D'ANOIA,ES9082400005010E,,,no
760,pt1526,1526,41.39221316,1.118514295,342702.2841,4584005.953,,,,,yes
761,pt1528,1528,41.31047003,1.801570624,399683.7316,4573915.741,,,,,yes
762,pt1530,1530,41.33064484,1.673690232,389013.3204,4576311.259,EDAR VILAFRANCA DEL PENED?ÍS,ES9083050005010E,72,,no
763,pt1532,1532,41.39974149,1.099194398,341105.3518,4584877.05,,,,,yes
764,pt1534,1534,41.34053023,1.680430043,389594.023,4577400.13,,,73,,no
765,pt1536,1536,41.40397536,1.199801195,349525.5402,4585167.416,,,583,,no
766,pt1538,1538,41.41808943,1.776142356,397723.8601,4585893.33,,,136,,no
767,pt1540,1540,41.34900852,1.678523517,389448.8474,4578343.819,,,,,yes
768,pt1542,1542,41.27051792,1.237270536,352356.4656,4570286.168,EDAR VALLS POBLE,ES9431610004010E,38,,no
769,pt1544,1544,41.3401742,1.828787752,402006.5422,4577182.356,,,89,,no
770,pt1546,1546,41.2894614,1.732605203,393876.7051,4571665.406,,,83,,no
771,pt1548,1548,41.39904804,1.768684718,397070.5696,4583788.178,,,137,,no
772,pt1550,1550,41.28471443,2.05515304,420879.3783,4570794.308,,,,,yes
773,pt1552,1552,41.39988164,1.988360465,415435.2909,4583642.995,,,105,,no
774,pt1554,1554,41.39337877,1.61511119,384222.5235,4583352.63,,,,,yes
775,pt1556,1556,41.34623319,1.846031785,403458.2988,4577835.679,,,93,,no
776,pt1558,1558,41.33659099,1.862684572,404837.4676,4576746.807,,,90,,no
777,pt1560,1560,41.41334739,1.958621579,412967.3047,4585167.416,,,106,,no
778,pt1562,1562,41.49638514,1.59030865,382335.2399,4594822.079,,,149,,no
779,pt1564,1564,41.48239063,1.929694473,410644.4941,4592862.11,EDAR MARTORELL,ES9081140002010E,170,,no
780,pt1566,1566,41.40676059,1.12851533,343573.338,4585602.965,,,47,,no
781,pt1568,1568,41.41142647,1.705050917,391771.658,4585240.007,,,140,,no
782,pt1570,1570,41.33754076,1.893031141,407378.0417,4576819.399,EDAR BEGUES,ES9080200001040E,,,no
783,pt1572,1572,41.42765521,2.024415681,418483.9798,4586691.836,,,109,,no
784,pt1574,1574,41.38262489,2.03463839,419282.446,4581683.026,EDAR SANT FELIU DE LLOBREGAT,ES9082110001010E,,,no
785,pt1576,1576,41.48600094,1.896594191,407886.1565,4593297.659,,,171,,no
786,pt1578,1578,41.28562325,1.57231797,380447.9563,4571447.631,,,,,yes
787,pt1580,1580,41.29691425,1.504734369,374810.03,4572796.431,,,,,yes
788,pt1582,1582,41.42234871,1.631868451,385674.2801,4586546.653,,,,,yes
789,pt1584,1584,41.46970265,1.835151967,402732.4205,4591555.464,EDAR SANT LLOREN?Á D'HORTONS,ES9082220003010E,,,no
790,pt1586,1586,41.33246799,1.90959859,408757.2105,4576238.667,,,91,,no
791,pt1588,1588,41.35669423,1.98469065,415072.3518,4578851.959,,,,,yes
792,pt1590,1590,41.41386078,1.52695576,376891.1526,4585748.147,,,599,,no
793,pt1592,1592,41.35811872,1.402633858,366386.5941,4579743.735,,,,,yes
794,pt1594,1594,41.37960448,1.915756174,409337.9131,4581465.252,,,108,,no
795,pt1596,1596,41.30174476,1.569119563,380209.6221,4573241.846,,,,,yes
796,pt1598,1598,41.32011261,1.427285607,368372.1624,4575486.537,,,,,yes
797,pt1600,1600,41.32948286,1.52281568,376385.474,4576386.286,,,,,yes
798,pt1602,1602,41.38643905,1.834034955,402514.657,4582312.74,,,,,yes
799,pt1604,1604,41.39522688,2.056159185,421097.1418,4583062.264,,,100,,no
800,pt1606,1606,41.40514883,1.916200014,409410.5009,4584300.712,,,,,yes
801,pt1608,1608,41.42265213,1.587248323,381946.1262,4586640.218,,,,,yes
802,pt1610,1610,41.40392814,1.326584543,360123.3635,4584949.641,,,,,yes
803,pt1612,1612,41.42889674,1.551354983,378958.289,4587383.072,,,,,yes
804,pt1614,1614,41.4760579,1.53337224,377544.443,4592644.336,,,,,yes
805,pt1616,1616,41.48585058,1.815733956,401135.4882,4593370.25,EDAR MASQUEFA,ES9081190002010E,132,,no
806,pt1618,1618,41.23407827,1.336987511,360631.4784,4566075.864,,,,,yes
807,pt1620,1620,41.25921428,1.357144778,362373.5863,4568834.339,,,55,,no
808,pt1622,1622,41.26171282,1.395207633,365567.4509,4569052.113,,,54,,no
809,pt1624,1624,41.13773361,1.233912528,351775.763,4555550.103,,,25,,no
810,pt1626,1626,41.14888446,1.236208226,351993.5265,4556784.158,,,27,,no
811,pt1628,1628,41.15800826,1.234233366,351848.3508,4557800.438,,,26,,no
812,pt1630,1630,41.19591646,1.233214719,351848.3508,4562010.742,,,,,yes
813,pt1632,1632,41.22108548,1.211754701,350106.2428,4564841.809,,,,,yes
814,pt1634,1634,41.23571627,1.663484999,387997.0907,4565785.498,,,,,yes
815,pt1636,1636,41.25457491,1.547002222,378270.3213,4568035.833,EDAR RIERA DE LA BISBAL,ES9431400003010E,66,,no
816,pt1638,1638,41.26452175,1.558046661,379213.9632,4569124.705,,,584,,no
817,pt1640,1640,41.26545148,1.634282546,385601.6923,4569124.705,,,,,yes
818,pt1642,1642,41.23334309,1.243466461,352791.9926,4566148.455,,,,,yes
819,pt1644,1644,41.2824599,1.75007632,395328.4617,4570866.9,,,82,,no
820,pt1646,1646,41.27374914,1.563910186,379722.078,4570140.985,EDAR LLOREN?Á DEL PENED?ÍS,ES9430740001020E,,,no
821,pt1648,1648,41.12387154,1.063082298,337403.3724,4554316.048,EDAR RIUDOMS,ES9431290001010E,,,no
822,pt1650,1650,41.10314418,1.195942295,348509.3106,4551775.347,,,24,,no
823,pt1652,1652,41.19870289,1.244393188,352791.9926,4562301.108,,,582,,no
824,pt1654,1654,41.12306467,1.173780482,346694.6148,4554025.682,,,23,,no
825,pt1656,1656,41.13413427,1.170879044,346476.8513,4555259.737,,,22,,no
826,pt1658,1658,41.21390653,1.255242684,353735.6344,4563970.712,,,30,,no
827,pt1660,1660,41.13242626,1.145848174,344371.8042,4555114.554,,,18,,no
828,pt1662,1662,41.21812595,1.148624607,344807.3312,4564624.035,"EDAR SELVA DEL CAMP, LA",ES9431450003010E,33,,no
829,pt1664,1664,41.14588481,1.169687498,346404.2634,4556566.383,,,21,,no
830,pt1666,1666,41.13890616,1.142206222,344081.4528,4555840.469,,,17,,no
831,pt1668,1668,41.18563472,1.004142265,332612.5755,4561284.828,,,9,,no
832,pt1670,1670,41.22646873,1.264434864,354534.1005,4565349.949,,,29,,no
833,pt1672,1672,41.15154748,0.999121738,332104.4607,4557510.072,,,7,,no
834,pt1674,1674,41.15694045,1.16591952,346113.9121,4557800.438,,,20,,no
835,pt1676,1676,41.20306856,0.991492807,331596.3459,4563244.797,EDAR ALFORJA,ES9430090001010E,,,no
836,pt1678,1678,41.14260724,0.937121481,326878.1369,4556638.975,,,3,28,no
837,pt1680,1680,41.19582488,1.359596731,362446.1741,4561792.968,,,,,yes
838,pt1682,1682,41.11245688,1.007225517,332685.1633,4553154.585,EDAR MONTBRI?Ù DEL CAMP,ES9430880001010E,5,,no
839,pt1684,1684,41.14871452,1.102140138,340742.4126,4557001.932,,,15,,no
840,pt1686,1686,41.1632715,0.987305277,331142.9799,4558834.558,,,,,yes
841,pt1688,1688,41.20945651,0.96910808,329735.9571,4563997.608,,,,,yes
842,pt1690,1690,41.21928256,1.308786942,358236.0799,4564478.852,,,53,,no
843,pt1692,1692,41.25758446,1.587874992,381700.0968,4568313.481,"EDAR ARBO?Á, L' (GORNAL)",ES9080580004010E,65,,no
844,pt1694,1694,41.45436569,1.200979646,349740.3218,4590759.94,,,,,yes
845,pt1696,1696,41.43124172,1.098096617,341090.4051,4588376.387,,,,,yes
846,pt1698,1698,41.2290427,1.096354132,340452.0613,4565930.681,,,,,yes
847,pt1700,1700,41.24149301,1.284826479,356276.2085,4566984.023,,,,,yes
848,pt1702,1702,40.88950181,0.725305045,308368.2399,4528981.631,"EDAR PERELL?Ù, EL",ES9431040002020E,,,no
849,pt1704,1704,40.99740644,0.753527615,311053.9896,4540899.824,,,,,yes
850,pt1706,1706,40.98390919,0.791075382,314174.3621,4539320.748,,,,,yes
851,pt1708,1708,41.13384351,0.959015503,328692.8326,4555622.694,,,,15,no
852,pt1710,1710,41.13823461,0.912178479,324773.0897,4556203.426,,,,,yes
853,pt1712,1712,41.19813973,1.047043605,336241.9671,4562591.474,,,,,yes
854,pt1714,1714,41.14851439,1.090036229,339726.183,4557001.932,,,14,,no
855,pt1716,1716,41.12933514,1.116534495,341903.8179,4554824.188,EDAR REUS,ES9431230006010E,,,no
856,pt1718,1718,41.11832476,1.163536886,345823.5608,4553517.542,,,19,,no
857,pt1720,1720,41.12907772,1.023152115,334064.3321,4554969.371,,,6,,no
858,pt1722,1722,41.16043156,1.021344793,333991.7443,4558453.761,,,8,,no
859,pt1724,1724,41.16289492,1.11917103,342205.6412,4558545.226,,,16,,no
860,pt1726,1726,41.16978616,1.234782352,351920.9386,4559107.084,,,28,,no
861,pt1728,1728,41.18153752,1.233601331,351848.3508,4560413.73,"EDAR POBLA DE MAFUMET, LA",ES9431090001010E,31,,no
862,pt1730,1730,41.21562739,1.197183632,348872.2497,4564261.077,,,32,,no
863,pt1732,1732,41.21094895,1.232810234,351848.3508,4563680.346,,,,,yes
864,pt1734,1734,41.26082901,1.16128215,345968.7365,4569342.479,,,35,,no
865,pt1736,1736,41.39276642,1.279118594,356131.0328,4583788.178,,,51,,no
866,pt1738,1738,41.27848005,1.244856583,353009.7561,4571157.265,,,39,,no
867,pt1740,1740,41.33986496,1.28311486,356348.7963,4577908.271,"EDAR PLA DE SANTA MARIA, EL",ES9431080001010E,40,,no
868,pt1742,1742,41.30539275,1.127082394,343210.3989,4574351.289,,,,,yes
869,pt1744,1744,41.33369032,1.17918498,347638.2566,4577400.13,,,,,yes
870,pt1746,1746,41.37745065,1.176228639,347493.0809,4582263.758,,,,,yes
871,pt1748,1748,41.42581311,1.216571133,350977.2968,4587562.934,,,,,yes
872,pt1750,1750,41.47736353,1.278620781,356276.2085,4593181.332,,,,,yes
873,pt1752,1752,41.42016422,1.189799656,348727.074,4586982.202,EDAR SOLIVELLA,ES9431470001010E,,,no
874,pt1754,1754,41.38831473,1.080428034,339508.4195,4583642.995,,,,,yes
875,pt1756,1756,41.39789937,1.067123546,338419.7502,4584731.867,,,44,,no
876,pt1758,1758,41.39419143,1.041184835,336241.9671,4584368.91,,,,,yes
877,pt1760,1760,41.19124946,1.359710975,362446.1741,4561284.828,,,52,,no
878,pt1762,1762,41.21914482,1.344293329,361212.181,4564406.26,,,,,yes
879,pt1764,1764,41.26508451,1.356131085,362300.9985,4569487.662,,,,,yes
880,pt1766,1766,41.30210457,1.384680305,364768.9847,4573552.783,,,,,yes
881,pt1768,1768,41.34293919,1.35937955,362736.5255,4578126.045,,,59,,no
882,pt1770,1770,41.4761006,1.389929439,365567.4509,4592862.11,,,,,yes
883,pt1772,1772,41.24176166,1.568075741,380012.4293,4566584.004,EDAR BELLVEI,ES9430240002010E,,,no
884,pt1774,1774,41.2706636,1.526713338,376600.8012,4569850.619,,,64,,no
885,pt1776,1776,41.26423631,1.642106687,386254.9828,4568979.522,,,,,yes
886,pt1778,1778,41.2785769,1.638342548,385964.6315,4570576.534,,,,,yes
887,pt1780,1780,41.27254944,1.626334795,384948.4018,4569923.211,,,,,yes
888,pt1782,1782,41.39073714,1.458804698,371149.6147,4583280.038,,,,,yes
889,pt1784,1784,41.32603887,1.671181586,388795.5569,4575803.118,,,,,yes
890,pt1786,1786,41.39210306,1.673309848,389085.9082,4583134.855,,,75,,no
891,pt1788,1788,41.25908436,1.765252184,396562.4548,4568253.607,,,,,yes
892,pt1790,1790,41.29680563,1.872912771,405635.9337,4572318.729,,,81,,no
893,pt1792,1792,41.31618755,1.725149738,393296.0024,4574641.655,,,84,,no
894,pt1794,1794,41.34025943,1.714269788,392424.9484,4577327.539,,,85,,no
895,pt1796,1796,41.2984842,1.780982191,397941.6236,4572609.094,,,86,,no
896,pt1798,1798,41.31293971,1.787650392,398522.3263,4574206.106,,,87,,no
897,pt1800,1800,41.348722,2.046419123,420226.0878,4577908.271,,,94,,no
898,pt1802,1802,41.35657467,2.047172286,420298.6756,4578779.368,,,,,yes
899,pt1804,1804,41.38749451,2.070162026,422258.5471,4582191.166,,,99,,no
900,pt1806,1806,41.4066306,2.012572099,417467.7502,4584368.91,,,104,,no
901,pt1808,1808,41.4359,1.994751986,416015.9936,4587635.525,,,112,,no
902,pt1810,1810,41.3978744,1.983181655,414999.7639,4583425.221,,,,,yes
903,pt1812,1812,41.47290257,1.964623476,413548.0073,4591773.238,,,598,,no
904,pt1814,1814,41.46147265,2.003048844,416741.8719,4590466.592,EDAR RUB?Ï,ES9081840001010E,113,,no
905,pt1816,1816,41.46879124,2.017714309,417975.865,4591265.098,,,585,,no
906,pt1818,1818,41.49176187,2.027802279,418846.919,4593805.799,,,114,,no
907,pt1820,1820,41.59306587,2.02279988,418556.5677,4605057.474,,,117,,no
908,pt1822,1822,41.42635227,1.815947172,401062.9003,4586764.428,,,,,yes
909,pt1824,1824,41.39265333,1.721920222,393150.8267,4583134.855,,,139,,no
910,pt1826,1826,41.45868957,1.664131441,388432.6177,4590539.183,,,,,yes
911,pt1828,1828,41.47441413,1.611648763,384077.3478,4592353.97,,,148,,no
912,pt1830,1830,41.48301898,1.7340571,394312.232,4593152.476,,,151,,no
913,pt1832,1832,41.5120866,1.702176691,391699.0701,4596419.091,,,152,,no
914,pt1834,1834,41.55038669,1.677911383,389739.1987,4600701.987,,,,17,no
915,pt1836,1836,41.52028034,1.566301692,380375.3685,4597507.963,,,,,yes
916,pt1838,1838,41.58770655,1.682375274,390174.7257,4604839.7,,,160,,no
917,pt1840,1840,41.56885531,1.635746208,386254.9828,4602807.139,,,,,yes
918,pt1842,1842,41.63580023,1.655218117,387994.3423,4610214.216,,,,,yes
919,pt1844,1844,41.58705048,1.57266276,381028.6589,4604912.291,,,165,,no
920,pt1846,1846,41.59719251,1.547181051,378923.6118,4606073.754,,,,,yes
921,pt1848,1848,41.58937597,1.498587815,374858.6933,4605275.248,,,166,,no
922,pt1850,1850,41.55660947,1.492851201,374317.0237,4601645.676,,,,,yes
923,pt1852,1852,41.71722785,1.526155931,377399.2674,4619430.582,EDAR CALAF,ES9080310001010E,,,no
924,pt1854,1854,41.48438419,1.933139567,410934.8454,4593079.884,,,,,yes
925,pt1856,1856,41.51254379,1.937896404,411370.3724,4596201.317,,,,,yes
926,pt1858,1858,41.54059853,1.931345849,410862.2576,4599322.749,,,174,,no
927,pt1860,1860,41.58065501,1.983802439,415290.1153,4603717.121,,,,,yes
928,pt1862,1862,41.56869227,1.796810112,399683.7316,4602589.365,,,185,,no
929,pt1864,1864,41.50872197,1.8144474,401062.9003,4595910.951,,,178,,no
930,pt1866,1866,41.61299135,1.84477418,403748.6501,4607452.992,,,603,,no
931,pt1868,1868,41.64647891,1.858994142,404982.6432,4611155.156,,,196,,no
932,pt1870,1870,41.71485567,1.831608316,402805.0083,4618777.259,,,212,,no
933,pt1872,1872,41.72705668,1.748477348,395909.1643,4620229.088,,,210,,no
934,pt1874,1874,41.69405499,1.607807223,384149.9357,4616744.698,,,,,yes
935,pt1876,1876,41.7686601,1.78696741,399175.6167,4624802.349,,,215,,no
936,pt1878,1878,41.76008364,1.662264091,388795.5569,4624003.843,,,,,yes
937,pt1880,1880,41.79659201,1.769840883,397796.4479,4627923.782,,,216,,no
938,pt1882,1882,41.80761063,1.760891806,397070.5696,4629157.836,,,,,yes
939,pt1884,1884,41.82324213,1.755346189,396635.0426,4630900.031,EDAR S?‹RIA,ES9082740001010E,220,,no
940,pt1886,1886,41.83226026,1.742933197,395618.813,4631916.312,,,221,,no
941,pt1888,1888,41.84439962,1.717340082,393513.7659,4633295.549,,,222,,no
942,pt1890,1890,41.8721901,1.577687878,381970.7302,4636563.735,,,,,yes
943,pt1892,1892,41.85680939,1.716217612,393441.1781,4634674.787,,,,,yes
944,pt1894,1894,41.91806568,1.698359147,392062.0093,4641498.383,EDAR CARDONA,ES9080470002010E,,,no
945,pt1896,1896,41.93538446,1.726900771,394457.4077,4643385.761,,,,,yes
946,pt1898,1898,41.91973607,1.672939938,389956.9622,4641716.158,,,,24,no
947,pt1900,1900,41.93245057,1.642032947,387416.3881,4643167.987,,,,,yes
948,pt1902,1902,41.94345283,1.578750849,382190.0642,4644474.633,,,235,,no
949,pt1904,1904,41.95351596,1.546998062,379576.9023,4645636.096,,,234,,no
950,pt1906,1906,41.97848048,1.609513674,384803.2262,4648321.98,,,,10,no
951,pt1908,1908,42.16660092,1.595734611,384004.76,4669228.319,,,239,,no
952,pt1910,1910,42.18123075,1.562889746,381319.0103,4670897.922,,,240,,no
953,pt1912,1912,42.215427,1.688751833,391771.658,4674527.495,,,,,yes
954,pt1914,1914,41.72046071,1.869030675,405926.285,4619357.99,,,243,,no
955,pt1916,1916,41.66688292,1.928224514,410776.0595,4613346.511,,,,,yes
956,pt1918,1918,41.73772038,1.895787266,408176.5078,4621245.368,,,,,yes
957,pt1920,1920,41.81350127,1.959156131,413548.0073,4629593.385,,,254,,no
958,pt1922,1922,41.85147797,2.06259818,422185.9592,4633710.934,,,,,yes
959,pt1924,1924,41.83711407,1.96751594,414273.8856,4632206.677,,,255,,no
960,pt1926,1926,41.85022766,1.971677148,414636.8248,4633658.507,EDAR AVINY?Ù,ES9080120001010E,,,no
961,pt1928,1928,41.87841552,1.979973327,415362.7031,4636779.939,,,,,yes
962,pt1930,1930,41.95473108,2.034811243,420008.3243,4645200.548,,,,,yes
963,pt1932,1932,42.08268861,2.065630581,422717.6549,4659379.463,,,263,,no
964,pt1934,1934,41.97501705,2.022239281,418992.0947,4647464.71,,,,,yes
965,pt1936,1936,41.82919763,1.88984585,407813.5687,4631408.172,,,,,yes
966,pt1938,1938,41.88706789,1.857347512,405200.4067,4637868.811,,,,,yes
967,pt1940,1940,41.89326021,1.888737089,407813.5687,4638522.134,EDAR NAV?«S,ES9080180002010E,265,,no
968,pt1942,1942,41.92198881,1.88473713,407523.2173,4641716.158,,,,,yes
969,pt1944,1944,41.98390884,1.824949063,402659.8326,4648657.378,,,,,yes
970,pt1946,1946,42.0223401,1.989950776,416378.9327,4652750.059,,,,8,no
971,pt1948,1948,42.16411513,2.055360577,421968.1957,4668429.813,,,,,yes
972,pt1950,1950,41.99458218,1.886976074,407813.5687,4649773.809,,,587,,no
973,pt1952,1952,42.00242638,1.88683936,407813.5687,4650644.907,,,269,,no
974,pt1954,1954,42.01943062,1.887419539,407886.1565,4652532.284,EDAR GIRONELLA,ES9080920002010E,,,no
975,pt1956,1956,42.01633916,1.905883818,409410.5009,4652169.327,,,,,yes
976,pt1958,1958,42.05903545,1.807951331,401367.9237,4657018.282,,,,,yes
977,pt1960,1960,42.03766543,1.880085671,407305.4538,4654564.845,,,,23,no
978,pt1962,1962,42.12133553,1.878613313,407305.4538,4663856.551,,,276,,no
979,pt1964,1964,42.15320557,1.797754846,400671.3677,4667486.124,,,,,yes
980,pt1966,1966,42.16852893,1.962143432,414273.8856,4669009.327,,,,,yes
981,pt1968,1968,42.21408649,1.869938486,406724.7512,4674164.537,,,,,yes
982,pt1970,1970,42.21473148,1.869047563,406652.1634,4674237.129,,,280,,no
983,pt1972,1972,42.23178197,1.748229917,396707.6305,4676269.69,,,590,,no
984,pt1974,1974,42.25700855,1.847172103,404910.0554,4678955.573,,,282,,no
985,pt1976,1976,42.23458985,1.89420434,408757.2105,4676414.872,,,,,yes
986,pt1978,1978,42.24449296,1.974976613,415435.2909,4677431.153,EDAR POBLA DE LILLET,ES9081660001010E,,,no
987,pt1980,1980,42.24823589,2.029469387,419935.7365,4677794.11,,,,,yes
988,pt1982,1982,42.26223606,1.985250287,416306.3449,4679391.122,,,,,yes
989,pt1984,1984,41.0194488,0.826797929,317277.9586,4543190.97,,,1,,no
990,pt1986,1986,41.1680338,1.045342456,336024.2036,4559252.267,,,11,,no
991,pt1988,1988,41.10197048,1.122502988,342339.3449,4551775.347,,,13,,no
992,pt1990,1990,41.37094267,1.178146319,347638.2566,4581537.843,EDAR MONTBLANC,ES9430860003010E,,,no
993,pt1992,1992,41.16696633,1.353394967,361865.4715,4558598.944,,,,,yes
994,pt1994,1994,41.22103943,1.53215759,376963.7404,4564333.669,,,61,,no
995,pt1996,1996,41.27427255,1.502365644,374568.342,4570286.168,,,63,,no
996,pt1998,1998,41.3803884,1.622331465,384803.2262,4581900.8,,,79,,no
997,pt2000,2000,41.34554955,1.662108788,388069.6786,4577980.862,,,,,yes
998,pt2002,2002,41.30092298,2.038445408,419500.2095,4572609.094,,,95,,no
999,pt2004,2004,41.33135602,2.003300414,416596.6962,4576020.893,,,,,yes
1000,pt2006,2006,41.3919294,2.052733901,420806.7904,4582699.306,,,101,,no
1001,pt2008,2008,41.67128543,1.855068204,404692.2919,4613913.631,,,198,,no
1002,pt2010,2010,41.68929871,1.647518943,387446.291,4616163.966,,,,,yes
1003,pt2012,2012,41.74808379,1.588307071,382625.5912,4622769.789,,,211,,no
1004,pt2014,2014,42.11109607,1.746593399,396375.7517,4662871.333,,,,,yes
1005,pt2016,2016,41.77086292,2.017485955,418338.8042,4624802.349,,,249,,no
1006,pt2018,2018,41.91942842,2.099421111,425321.8499,4641222.632,,,,,yes
1007,pt2020,2020,41.86211904,1.985479858,415798.2301,4634965.153,,,,,yes
1008,pt2022,2022,41.26506284,1.222686383,351122.4725,4569705.436,,,,,yes
1009,pt2024,2024,41.39894277,1.051461607,337113.0211,4584877.05,,,43,,no
1010,pt2026,2026,41.07181934,1.001541867,332104.4607,4548653.915,EDAR MONT-ROIG DEL CAMP (POBLE),ES9430920002010E,2,,no
1011,pt2028,2028,41.06284938,1.012179693,332975.5147,4547637.635,,,4,,no
1012,pt2030,2030,41.36087111,1.806721095,400191.8464,4579505.283,,,92,,no
1013,pt2032,2032,41.39953345,1.753045497,395763.9887,4583860.77,,,142,,no
1014,pt2034,2034,41.39555456,1.747911856,395328.4617,4583425.221,,,138,,no
1015,pt2036,2036,41.86513428,1.887475091,407668.393,4635400.701,,,,,yes
1016,pt2038,2038,42.10679878,1.570717818,381827.1251,4662622.496,,,,12,no
1017,pt2040,2040,41.77033676,2.113560448,426323.4656,4624657.166,,,,,yes
1018,pt2042,2042,42.24242118,1.764735901,398086.7993,4677431.153,,,589,,no
1019,pt2044,2044,42.16826102,1.863724329,406144.0485,4669083.136,,,,22,no
1020,pt2046,2046,41.18975433,1.545218244,378000.4242,4560842.048,,,60,,no
1021,pt2048,2048,41.51933119,1.438443633,369704.9573,4597587.478,,,,,yes
1022,pt2050,2050,41.52002582,1.398410134,366365.917,4597725.737,EDAR SANTA COLOMA DE QUERALT,ES9431390004010E,,,no
1023,pt2052,2052,42.14600173,1.860608623,405853.6972,4666615.026,EDAR CERCS,ES9082680005010E,278,,no
1024,pt2054,2054,42.02628614,1.562878073,381028.6589,4653693.748,,,,9,no
1025,pt2056,2056,42.08816591,2.092473126,424944.2968,4659963.699,,,,,yes
1026,pt2058,2058,41.26699185,1.495599538,373987.6393,4569487.662,,,62,,no
1027,pt2060,2060,41.28448248,1.479595482,372681.0583,4571452.816,,,,,yes
1028,pt2062,2062,41.52929718,1.911520113,409192.7374,4598088.695,,,,,yes
1029,pt2064,2064,41.97947042,1.531513244,378342.9092,4648539.754,,,,,yes
1030,pt2066,2066,41.04734536,0.876191659,321506.6373,4546185.806,,,,,yes
1031,pt2068,2068,41.2879263,2.048171778,420298.6756,4571157.265,,,,,yes
1032,pt2070,2070,41.3650882,1.180045378,347783.4322,4580884.52,,,,,yes
1033,pt2072,2072,41.92748841,1.664900126,389303.6717,4642587.255,,,227,,no
1034,pt2074,2074,42.03544749,1.56354859,381101.2468,4654710.028,,,,,yes
1035,pt2076,2076,42.04805557,1.872886209,406724.7512,4655726.308,,,,,yes
1036,pt2078,2078,41.88278412,1.887168938,407668.393,4637360.671,,,259,,no
1037,pt2080,2080,41.1070824,1.075677959,338419.602,4552428.67,,,10,,no
1038,pt2082,2082,41.04860453,0.873560205,321288.8738,4546330.988,,,,,yes
1039,pt2084,2084,41.22972732,1.032246862,335080.5618,4566126.377,,,12,,no
1040,pt2086,2086,41.23023503,1.089391097,339871.3586,4566075.864,,,34,,no
1041,pt2088,2088,41.26306196,1.220141161,350904.709,4569487.662,,,37,,no
1042,pt2090,2090,41.25641967,1.171802718,346839.7904,4568834.339,EDAR ALCOVER,ES9430050001010E,,,no
1043,pt2092,2092,41.27778661,1.28560981,356421.3842,4571012.082,,,49,,no
1044,pt2094,2094,41.27695053,1.107095771,341468.2909,4571229.857,,,36,,no
1045,pt2096,2096,41.26555504,1.129954628,343355.5745,4569923.211,,,,,yes
1046,pt2098,2098,41.30579238,1.192967455,348727.074,4574278.698,,,41,,no
1047,pt2100,2100,41.29290571,1.024601232,334599.2906,4573155.186,,,,,yes
1048,pt2102,2102,41.35649586,1.174210686,347275.3174,4579940.831,,,,16,no
1049,pt2104,2104,41.39064514,1.183673505,348146.3714,4583715.587,,,46,,no
1050,pt2106,2106,41.44256643,1.24304776,353227.5196,4589377.72,,,48,,no
1051,pt2108,2108,41.393506,1.11760878,342629.6962,4584151.136,"EDAR ESPLUGA DE FRANCOL?Ï, L'",ES9430540002010E,,,no
1052,pt2110,2110,41.37142232,1.047943716,336750.0819,4581828.209,,,,,yes
1053,pt2112,2112,41.37751248,0.992872617,332159.9261,4582609.592,,,,,yes
1054,pt2114,2114,41.22542254,1.371847186,363534.9916,4565059.583,,,,,yes
1055,pt2116,2116,41.19537685,1.328445948,359833.0122,4561792.968,,,,,yes
1056,pt2118,2118,41.28999624,1.360706924,362736.5255,4572246.137,,,57,,no
1057,pt2120,2120,41.3022259,1.393347566,365494.8631,4573552.783,,,56,,no
1058,pt2122,2122,41.40588772,1.326451069,360116.4104,4585167.416,,,,,yes
1059,pt2124,2124,41.29409964,1.57039928,380302.7806,4572391.32,EDAR SANT JAUME DELS DOMENYS (CORNUDELLA),ES9431370002010E,,,no
1060,pt2126,2126,41.25583995,1.650944865,386980.8611,4568035.833,,,,,yes
1061,pt2128,2128,41.28711601,1.641632356,386254.9828,4571520.223,,,69,,no
1062,pt2130,2130,41.2848243,1.613942058,383932.1722,4571302.448,,,68,,no
1063,pt2132,2132,41.38445539,1.63439943,385819.4558,4582336.349,,,77,,no
1064,pt2134,2134,41.35089974,1.672411466,388940.7325,4578561.594,,,74,,no
1065,pt2136,2136,41.43708103,1.606362969,383569.233,4588216.257,,,76,,no
1066,pt2138,2138,41.39401154,1.613361245,384077.3478,4583425.221,,,78,,no
1067,pt2140,2140,41.41505657,1.518243414,376165.2742,4585893.33,,,80,,no
1068,pt2142,2142,41.41748009,1.503422729,374931.2811,4586183.696,,,,,yes
1069,pt2144,2144,41.41809982,1.500802784,374713.5176,4586256.288,,,,,yes
1070,pt2146,2146,41.26440688,1.773817348,397288.3331,4568834.339,,,,,yes
1071,pt2148,2148,41.31703451,1.804052098,399901.4951,4574641.655,,,88,,no
1072,pt2150,2150,41.33737993,2.099503405,424653.9455,4576601.624,,,97,,no
1073,pt2152,2152,41.35199095,2.046371417,420226.0878,4578271.228,,,,14,no
1074,pt2154,2154,41.38710614,2.023285749,418338.8042,4582191.166,,,103,,no
1075,pt2156,2156,41.35205634,1.977821013,414491.6491,4578343.819,,,102,,no
1076,pt2158,2158,41.38772397,1.945139599,411805.8994,4582336.349,,,107,,no
1077,pt2160,2160,41.43454613,2.06688437,422040.7836,4587417.751,EDAR VALLVIDRERA,ES9082050005010E,110,,no
1078,pt2162,2162,41.41971359,2.013242554,417540.338,4585820.739,,,600,,no
1079,pt2164,2164,41.51994718,2.036080082,419572.7973,4596927.231,EDAR TERRASSA,ES9082790004050E,115,,no
1080,pt2166,2166,41.46816847,1.947313614,412096.2507,4591265.098,,,120,,no
1081,pt2168,2168,41.47358977,1.831605062,402442.0691,4591991.012,,,131,,no
1082,pt2170,2170,41.43154631,1.812377724,400772.549,4587345.159,,,135,,no
1083,pt2172,2172,41.44133366,1.74876997,395473.6373,4588506.623,EDAR RIUDEBITLLES,ES9082870007010E,,,no
1084,pt2174,2174,41.44687258,1.717380749,392860.4754,4589159.946,,,146,,no
1085,pt2176,2176,41.52374469,1.692373807,390900.604,4597725.737,EDAR VALLBONA D'ANOIA,ES9080440001010E,153,,no
1086,pt2178,2178,41.46198459,1.487624055,373697.288,4591147.653,,,,,yes
1087,pt2180,2180,41.56392265,1.661095363,388360.0299,4602226.407,,,159,,no
1088,pt2182,2182,41.57203042,1.627843647,385601.6923,4603170.096,,,161,,no
1089,pt2184,2184,41.59583012,1.542856837,378560.6727,4605928.571,,,,,yes
1090,pt2186,2186,41.59822259,1.525383289,377108.916,4606218.937,,,167,,no
1091,pt2188,2188,41.52954127,1.937618415,411370.3724,4598088.695,,,176,,no
1092,pt2190,2190,41.50382582,1.914556036,409410.5009,4595257.628,EDAR ABRERA,ES9080010001010E,,,no
1093,pt2192,2192,41.50974231,1.917936461,409700.8523,4595910.951,,,173,,no
1094,pt2194,2194,41.53386514,1.910573391,409120.1496,4598596.835,,,187,,no
1095,pt2196,2196,41.57134395,1.864670614,405345.5824,4602807.139,,,189,,no
1096,pt2198,2198,41.59931564,1.850244216,404184.1771,4605928.571,EDAR MONISTROL DE MONTSERRAT,ES9081270001010E,191,,no
1097,pt2200,2200,41.61632977,1.851684547,404329.3528,4607815.949,,,,,yes
1098,pt2202,2202,41.62300538,1.865507434,405490.7581,4608541.864,EDAR CASTELLBELL I EL VILAR,ES9080530002010E,192,,no
1099,pt2204,2204,41.63913129,1.910352467,409249.2645,4610284.059,,,,,yes
1100,pt2206,2206,41.64789092,1.804925832,400482.1977,4611372.93,,,195,,no
1101,pt2208,2208,41.66025016,1.863110232,405345.5824,4612679.577,,,197,,no
1102,pt2210,2210,41.67911261,1.853185285,404547.1162,4614784.729,,,,18,no
1103,pt2212,2212,41.68222345,1.837431677,403240.5353,4615147.686,,,203,,no
1104,pt2214,2214,41.69484806,1.793589286,399611.1437,4616599.515,EDAR SANT SALVADOR DE GUARDIOLA,ES9080980004010E,,,no
1105,pt2216,2216,41.71261639,1.804600089,400554.7855,4618559.484,,,208,,no
1106,pt2218,2218,41.76631218,1.635936819,386617.9219,4624729.758,,,,,yes
1107,pt2220,2220,41.757665,1.737404983,395038.1104,4623640.886,,,214,,no
1108,pt2222,2222,41.81799664,1.80626936,400856.0453,4630257.617,,,,,yes
1109,pt2224,2224,41.81351255,1.762525861,397215.7453,4629811.16,,,218,,no
1110,pt2226,2226,41.90935749,1.799185729,400409.6099,4640409.512,,,219,,no
1111,pt2228,2228,41.84677256,1.639474856,387053.4489,4633658.507,,,223,,no
1112,pt2230,2230,41.80808951,1.614701959,384927.5704,4629396.443,,,,,yes
1113,pt2232,2232,41.87839527,1.668683704,389532.7791,4637131.552,,,,,yes
1114,pt2234,2234,41.89931662,1.717116611,393586.3537,4639393.231,,,224,,no
1115,pt2236,2236,42.04786023,1.729042717,394820.3469,4655871.491,,,,,yes
1116,pt2238,2238,42.02164144,1.76288168,397578.6845,4652919.302,,,,,yes
1117,pt2240,2240,41.96380848,1.755241643,396852.8061,4646507.194,,,,,yes
1118,pt2242,2242,41.9465959,1.67763728,390392.4892,4644692.407,,,225,,no
1119,pt2244,2244,41.96274055,1.605476313,384440.287,4646579.785,,,236,,no
1120,pt2246,2246,42.08185685,1.671321655,390102.1378,4659718.838,,,230,,no
1121,pt2248,2248,41.98464305,1.527013178,377979.97,4649120.486,EDAR SOLSONA,ES9252070001020E,,,no
1122,pt2250,2250,42.05575283,1.566599879,381391.5981,4656960.363,,,,,yes
1123,pt2252,2252,42.09976166,1.58316541,382843.3547,4661823.99,,,237,,no
1124,pt2254,2254,42.2255698,1.661275312,389521.4352,4675688.958,,,241,,no
1125,pt2256,2256,41.70163104,1.882446638,407015.1025,4617252.838,,,242,,no
1126,pt2258,2258,41.72389722,1.994223858,416344.4093,4619610.29,,,,,yes
1127,pt2260,2260,41.70125747,1.974829544,414701.3352,4617115.733,,,,,yes
1128,pt2262,2262,41.70936752,1.939897693,411805.8994,4618051.344,,,,,yes
1129,pt2264,2264,41.7948534,1.854618786,404837.4676,4627633.416,,,246,,no
1130,pt2266,2266,41.75868948,1.900666853,408612.0348,4623568.295,,,,,yes
1131,pt2268,2268,41.77245917,1.904798521,408974.974,4625092.715,,,247,,no
1132,pt2270,2270,41.76032578,1.93556657,411515.548,4623713.477,,,248,,no
1133,pt2272,2272,41.80229606,2.103508642,425524.9995,4628214.148,EDAR MOI?«,ES9081380001010E,,,no
1134,pt2274,2274,41.81276154,2.023837119,418919.5068,4629448.202,,,252,,no
1135,pt2276,2276,41.84049593,2.056638494,421677.8444,4632497.043,,,253,,no
1136,pt2278,2278,41.89845092,2.109165588,426105.7021,4638885.091,,,,,yes
1137,pt2280,2280,41.89695542,2.119166714,426933.5932,4638710.482,,,,,yes
1138,pt2282,2282,41.95375631,2.000668568,417177.3989,4645124.754,,,,,yes
1139,pt2284,2284,42.00012003,2.068307785,422839.2497,4650209.358,,,261,,no
1140,pt2286,2286,41.96583693,2.033767622,419935.7365,4646434.602,EDAR PRATS DEL LLU?ÁAN?ÍS,ES9081710001010E,,,no
1141,pt2288,2288,41.98270739,2.098353481,425307.236,4648249.389,,,258,,no
1142,pt2290,2290,42.00784997,2.05416982,421677.8444,4651080.455,,,262,,no
1143,pt2292,2292,42.0414454,2.08524498,424291.0063,4654782.619,,,260,,no
1144,pt2294,2294,41.81557904,1.901442319,408757.2105,4629883.751,,,264,,no
1145,pt2296,2296,41.90486257,1.940323057,412108.9254,4639756.189,,,,,yes
1146,pt2298,2298,41.8323728,1.880175122,407015.1025,4631771.129,,,,,yes
1147,pt2300,2300,41.84807013,1.880775762,407087.6903,4633513.324,EDAR BALSARENY,ES9080180001010E,,,no
1148,pt2302,2302,41.83814474,1.868709278,406071.4607,4632424.452,,,,,yes
1149,pt2304,2304,41.85809484,1.836875044,403458.2988,4634674.787,,,,,yes
1150,pt2306,2306,41.90787211,1.845598985,404256.7649,4640191.737,,,,,yes
1151,pt2308,2308,41.87099212,1.884749427,407450.6295,4636054.025,,,,11,no
1152,pt2310,2310,41.91814144,1.913690329,409918.6158,4641258.165,,,,,yes
1153,pt2312,2312,41.95172156,1.850062805,404692.2919,4645055.365,,,266,,no
1154,pt2314,2314,41.92589394,1.882918223,407378.0417,4642151.707,,,267,,no
1155,pt2316,2316,42.13002815,2.044449921,421024.5539,4664655.057,,,591,,no
1156,pt2318,2318,42.02098487,1.846185282,404474.5284,4652750.059,EDAR CASSERRES,ES9080490002010E,,,no
1157,pt2320,2320,42.02894967,1.925835336,411080.0211,4653548.565,,,270,,no
1158,pt2322,2322,42.1905485,2.065516189,422839.2497,4671355.574,,,,,yes
1159,pt2324,2324,42.07885725,1.815300884,402006.5422,4659210.698,,,272,,no
1160,pt2326,2326,42.10160738,1.93519928,411955.6417,4661606.216,,,,,yes
1161,pt2328,2328,42.05590828,1.873624581,406797.339,4656597.406,,,273,,no
1162,pt2330,2330,42.05166314,1.907909255,409628.2644,4656089.266,,,,,yes
1163,pt2332,2332,42.05766331,1.914025085,410142.8218,4656749.032,,,,,yes
1164,pt2334,2334,42.11238267,1.833114806,403530.8866,4662912.862,,,275,,no
1165,pt2336,2336,42.11411834,1.811132223,401716.1908,4663130.637,,,605,,no
1166,pt2338,2338,42.22920687,1.878465049,407450.6295,4675834.141,EDAR BAG?«/GUARDIOLA B.,ES9080990001010E,281,,no
1167,pt2340,2340,42.29315782,1.865891905,406507.6134,4682948.729,,,,,yes
1168,pt2342,2342,42.23742272,1.917028123,410644.4941,4676705.238,,,593,,no
1169,pt2344,2344,42.27808633,2.003482471,417830.6894,4681133.317,,,592,,no
1170,pt2346,2346,42.26134936,2.040709281,420879.3783,4679239.669,,,,,yes
1171,pt2348,2348,41.47543903,1.955889539,412822.129,4592063.604,,,119,,no
1172,pt2350,2350,41.47279239,1.952454729,412531.7777,4591773.238,,,,,yes
1173,pt2352,2352,41.44177531,1.853898545,404256.7649,4588434.031,EDAR GELIDA,ES9080910001010E,130,,no
1174,pt2354,2354,41.87080888,1.801656943,400554.7855,4636126.616,,,,,yes
1175,pt2356,2356,41.43440978,1.836652036,402805.0083,4587635.525,,,133,,no
1176,pt2358,2358,41.83299025,1.749912292,396199.5157,4631988.903,,,,,yes
1177,pt2360,2360,41.34305503,1.322071361,359615.2487,4578198.636,,,50,,no
1178,pt2362,2362,42.03249545,1.678488664,390610.2527,4654228.901,,,,,yes
1179,pt2364,2364,42.00710864,1.652717774,388432.6177,4651443.413,,,,,yes
1180,pt2366,2366,41.74083414,2.079049041,423419.9524,4621411.756,,,,,yes
1181,pt2368,2368,41.482103,2.12793339,427194.5196,4592644.336,,,,,yes
1182,pt2370,2370,41.33347984,1.338007692,360928.2452,4577109.9,,,,,yes
1183,pt2372,2372,41.73686163,2.023311194,418780.1143,4621021.81,,,,,yes
1184,pt2374,2374,41.79177236,2.689350153,474189,4626704,,,,,yes
1185,pt2376,2376,41.79455327,2.69889108,474982.8103,4627009.931,,,365,,no
